alpha,beta,n_runs,n_surviving,survival,survival_ci_lo,survival_ci_hi,n_admissible,Q_mean,Q_max,RI_mean,RI_max,RI_sd,frac_rhythmic,mean_period,mean_activity
0.001,0.05,250,0,0.0,0.0,0.015133847249623387,0,,,,,,,,
0.001,0.1,250,0,0.0,0.0,0.015133847249623387,0,,,,,,,,
0.001,0.15,250,0,0.0,0.0,0.015133847249623387,0,,,,,,,,
0.001,0.2,250,0,0.0,0.0,0.015133847249623387,0,,,,,,,,
0.001,0.25,250,0,0.0,0.0,0.015133847249623387,0,,,,,,,,
0.001,0.3,250,0,0.0,0.0,0.015133847249623387,0,,,,,,,,
0.001,0.35,250,0,0.0,0.0,0.015133847249623387,0,,,,,,,,
0.001,0.4,250,0,0.0,0.0,0.015133847249623387,0,,,,,,,,
0.001,0.45,250,0,0.0,0.0,0.015133847249623387,0,,,,,,,,
0.001,0.5,250,0,0.0,0.0,0.015133847249623387,0,,,,,,,,
0.001,0.55,250,0,0.0,0.0,0.015133847249623387,0,,,,,,,,
0.001,0.6,250,0,0.0,0.0,0.015133847249623387,0,,,,,,,,
0.001,0.65,250,0,0.0,0.0,0.015133847249623387,0,,,,,,,,
0.001,0.7,250,0,0.0,0.0,0.015133847249623387,0,,,,,,,,
0.001,0.75,250,0,0.0,0.0,0.015133847249623387,0,,,,,,,,
0.001,0.8,250,0,0.0,0.0,0.015133847249623387,0,,,,,,,,
0.001,0.85,250,0,0.0,0.0,0.015133847249623387,0,,,,,,,,
0.001,0.9,250,0,0.0,0.0,0.015133847249623387,0,,,,,,,,
0.001,0.95,250,0,0.0,0.0,0.015133847249623387,0,,,,,,,,
0.001,1.0,250,0,0.0,0.0,0.015133847249623387,0,,,,,,,,
0.0013335214321633,0.05,250,0,0.0,0.0,0.015133847249623387,0,,,,,,,,
0.0013335214321633,0.1,250,0,0.0,0.0,0.015133847249623387,0,,,,,,,,
0.0013335214321633,0.15,250,0,0.0,0.0,0.015133847249623387,0,,,,,,,,
0.0013335214321633,0.2,250,0,0.0,0.0,0.015133847249623387,0,,,,,,,,
0.0013335214321633,0.25,250,0,0.0,0.0,0.015133847249623387,0,,,,,,,,
0.0013335214321633,0.3,250,0,0.0,0.0,0.015133847249623387,0,,,,,,,,
0.0013335214321633,0.35,250,0,0.0,0.0,0.015133847249623387,0,,,,,,,,
0.0013335214321633,0.4,250,0,0.0,0.0,0.015133847249623387,0,,,,,,,,
0.0013335214321633,0.45,250,0,0.0,0.0,0.015133847249623387,0,,,,,,,,
0.0013335214321633,0.5,250,0,0.0,0.0,0.015133847249623387,0,,,,,,,,
0.0013335214321633,0.55,250,0,0.0,0.0,0.015133847249623387,0,,,,,,,,
0.0013335214321633,0.6,250,0,0.0,0.0,0.015133847249623387,0,,,,,,,,
0.0013335214321633,0.65,250,0,0.0,0.0,0.015133847249623387,0,,,,,,,,
0.0013335214321633,0.7,250,0,0.0,0.0,0.015133847249623387,0,,,,,,,,
0.0013335214321633,0.75,250,0,0.0,0.0,0.015133847249623387,0,,,,,,,,
0.0013335214321633,0.8,250,0,0.0,0.0,0.015133847249623387,0,,,,,,,,
0.0013335214321633,0.85,250,0,0.0,0.0,0.015133847249623387,0,,,,,,,,
0.0013335214321633,0.9,250,0,0.0,0.0,0.015133847249623387,0,,,,,,,,
0.0013335214321633,0.95,250,0,0.0,0.0,0.015133847249623387,0,,,,,,,,
0.0013335214321633,1.0,250,0,0.0,0.0,0.015133847249623387,0,,,,,,,,
0.0017782794100389,0.05,250,0,0.0,0.0,0.015133847249623387,0,,,,,,,,
0.0017782794100389,0.1,250,0,0.0,0.0,0.015133847249623387,0,,,,,,,,
0.0017782794100389,0.15,250,0,0.0,0.0,0.015133847249623387,0,,,,,,,,
0.0017782794100389,0.2,250,0,0.0,0.0,0.015133847249623387,0,,,,,,,,
0.0017782794100389,0.25,250,0,0.0,0.0,0.015133847249623387,0,,,,,,,,
0.0017782794100389,0.3,250,0,0.0,0.0,0.015133847249623387,0,,,,,,,,
0.0017782794100389,0.35,250,0,0.0,0.0,0.015133847249623387,0,,,,,,,,
0.0017782794100389,0.4,250,0,0.0,0.0,0.015133847249623387,0,,,,,,,,
0.0017782794100389,0.45,250,0,0.0,0.0,0.015133847249623387,0,,,,,,,,
0.0017782794100389,0.5,250,0,0.0,0.0,0.015133847249623387,0,,,,,,,,
0.0017782794100389,0.55,250,0,0.0,0.0,0.015133847249623387,0,,,,,,,,
0.0017782794100389,0.6,250,0,0.0,0.0,0.015133847249623387,0,,,,,,,,
0.0017782794100389,0.65,250,0,0.0,0.0,0.015133847249623387,0,,,,,,,,
0.0017782794100389,0.7,250,0,0.0,0.0,0.015133847249623387,0,,,,,,,,
0.0017782794100389,0.75,250,0,0.0,0.0,0.015133847249623387,0,,,,,,,,
0.0017782794100389,0.8,250,0,0.0,0.0,0.015133847249623387,0,,,,,,,,
0.0017782794100389,0.85,250,0,0.0,0.0,0.015133847249623387,0,,,,,,,,
0.0017782794100389,0.9,250,0,0.0,0.0,0.015133847249623387,0,,,,,,,,
0.0017782794100389,0.95,250,0,0.0,0.0,0.015133847249623387,0,,,,,,,,
0.0017782794100389,1.0,250,0,0.0,0.0,0.015133847249623387,0,,,,,,,,
0.0023713737056616,0.05,250,0,0.0,0.0,0.015133847249623387,0,,,,,,,,
0.0023713737056616,0.1,250,0,0.0,0.0,0.015133847249623387,0,,,,,,,,
0.0023713737056616,0.15,250,0,0.0,0.0,0.015133847249623387,0,,,,,,,,
0.0023713737056616,0.2,250,0,0.0,0.0,0.015133847249623387,0,,,,,,,,
0.0023713737056616,0.25,250,0,0.0,0.0,0.015133847249623387,0,,,,,,,,
0.0023713737056616,0.3,250,0,0.0,0.0,0.015133847249623387,0,,,,,,,,
0.0023713737056616,0.35,250,0,0.0,0.0,0.015133847249623387,0,,,,,,,,
0.0023713737056616,0.4,250,0,0.0,0.0,0.015133847249623387,0,,,,,,,,
0.0023713737056616,0.45,250,0,0.0,0.0,0.015133847249623387,0,,,,,,,,
0.0023713737056616,0.5,250,0,0.0,0.0,0.015133847249623387,0,,,,,,,,
0.0023713737056616,0.55,250,0,0.0,0.0,0.015133847249623387,0,,,,,,,,
0.0023713737056616,0.6,250,0,0.0,0.0,0.015133847249623387,0,,,,,,,,
0.0023713737056616,0.65,250,0,0.0,0.0,0.015133847249623387,0,,,,,,,,
0.0023713737056616,0.7,250,0,0.0,0.0,0.015133847249623387,0,,,,,,,,
0.0023713737056616,0.75,250,0,0.0,0.0,0.015133847249623387,0,,,,,,,,
0.0023713737056616,0.8,250,0,0.0,0.0,0.015133847249623387,0,,,,,,,,
0.0023713737056616,0.85,250,0,0.0,0.0,0.015133847249623387,0,,,,,,,,
0.0023713737056616,0.9,250,0,0.0,0.0,0.015133847249623387,0,,,,,,,,
0.0023713737056616,0.95,250,0,0.0,0.0,0.015133847249623387,0,,,,,,,,
0.0023713737056616,1.0,250,0,0.0,0.0,0.015133847249623387,0,,,,,,,,
0.0031622776601683,0.05,250,0,0.0,0.0,0.015133847249623387,0,,,,,,,,
0.0031622776601683,0.1,250,0,0.0,0.0,0.015133847249623387,0,,,,,,,,
0.0031622776601683,0.15,250,0,0.0,0.0,0.015133847249623387,0,,,,,,,,
0.0031622776601683,0.2,250,0,0.0,0.0,0.015133847249623387,0,,,,,,,,
0.0031622776601683,0.25,250,0,0.0,0.0,0.015133847249623387,0,,,,,,,,
0.0031622776601683,0.3,250,0,0.0,0.0,0.015133847249623387,0,,,,,,,,
0.0031622776601683,0.35,250,0,0.0,0.0,0.015133847249623387,0,,,,,,,,
0.0031622776601683,0.4,250,0,0.0,0.0,0.015133847249623387,0,,,,,,,,
0.0031622776601683,0.45,250,0,0.0,0.0,0.015133847249623387,0,,,,,,,,
0.0031622776601683,0.5,250,0,0.0,0.0,0.015133847249623387,0,,,,,,,,
0.0031622776601683,0.55,250,0,0.0,0.0,0.015133847249623387,0,,,,,,,,
0.0031622776601683,0.6,250,0,0.0,0.0,0.015133847249623387,0,,,,,,,,
0.0031622776601683,0.65,250,0,0.0,0.0,0.015133847249623387,0,,,,,,,,
0.0031622776601683,0.7,250,0,0.0,0.0,0.015133847249623387,0,,,,,,,,
0.0031622776601683,0.75,250,0,0.0,0.0,0.015133847249623387,0,,,,,,,,
0.0031622776601683,0.8,250,0,0.0,0.0,0.015133847249623387,0,,,,,,,,
0.0031622776601683,0.85,250,0,0.0,0.0,0.015133847249623387,0,,,,,,,,
0.0031622776601683,0.9,250,0,0.0,0.0,0.015133847249623387,0,,,,,,,,
0.0031622776601683,0.95,250,0,0.0,0.0,0.015133847249623387,0,,,,,,,,
0.0031622776601683,1.0,250,0,0.0,0.0,0.015133847249623387,0,,,,,,,,
0.0042169650342858,0.05,250,0,0.0,0.0,0.015133847249623387,0,,,,,,,,
0.0042169650342858,0.1,250,0,0.0,0.0,0.015133847249623387,0,,,,,,,,
0.0042169650342858,0.15,250,0,0.0,0.0,0.015133847249623387,0,,,,,,,,
0.0042169650342858,0.2,250,0,0.0,0.0,0.015133847249623387,0,,,,,,,,
0.0042169650342858,0.25,250,0,0.0,0.0,0.015133847249623387,0,,,,,,,,
0.0042169650342858,0.3,250,0,0.0,0.0,0.015133847249623387,0,,,,,,,,
0.0042169650342858,0.35,250,0,0.0,0.0,0.015133847249623387,0,,,,,,,,
0.0042169650342858,0.4,250,0,0.0,0.0,0.015133847249623387,0,,,,,,,,
0.0042169650342858,0.45,250,0,0.0,0.0,0.015133847249623387,0,,,,,,,,
0.0042169650342858,0.5,250,0,0.0,0.0,0.015133847249623387,0,,,,,,,,
0.0042169650342858,0.55,250,0,0.0,0.0,0.015133847249623387,0,,,,,,,,
0.0042169650342858,0.6,250,0,0.0,0.0,0.015133847249623387,0,,,,,,,,
0.0042169650342858,0.65,250,0,0.0,0.0,0.015133847249623387,0,,,,,,,,
0.0042169650342858,0.7,250,0,0.0,0.0,0.015133847249623387,0,,,,,,,,
0.0042169650342858,0.75,250,0,0.0,0.0,0.015133847249623387,0,,,,,,,,
0.0042169650342858,0.8,250,0,0.0,0.0,0.015133847249623387,0,,,,,,,,
0.0042169650342858,0.85,250,0,0.0,0.0,0.015133847249623387,0,,,,,,,,
0.0042169650342858,0.9,250,0,0.0,0.0,0.015133847249623387,0,,,,,,,,
0.0042169650342858,0.95,250,0,0.0,0.0,0.015133847249623387,0,,,,,,,,
0.0042169650342858,1.0,250,0,0.0,0.0,0.015133847249623387,0,,,,,,,,
0.0056234132519034,0.05,250,54,0.216,0.1694915254237288,0.27110449981405726,45,1.0295856233227627,1.7272177700272993,1.14381226007218,2.336431612329509,0.7078021698909744,0.06666666666666667,88.59792941045217,91.36896296296294
0.0056234132519034,0.1,250,59,0.236,0.1876058720228644,0.2923847993249367,52,0.9834532004689682,1.857411278068032,1.195964014366713,1.6670472677527552,0.5383505476648305,0.0,69.1707705012682,187.6059209039548
0.0056234132519034,0.15,250,47,0.188,0.14442509786439153,0.24101842281937344,42,0.8526649039664138,2.4730446603530174,1.2694714187095006,1.645325336071602,0.439233191850214,0.0,73.74952708870396,264.82710638297874
0.0056234132519034,0.2,250,42,0.168,0.12675788778063776,0.21929098679311218,32,1.0214586116676059,3.7178865210798966,1.3043742625522845,1.6073771539662725,0.3194461064701592,0.0,69.73165137006676,334.44092063492064
0.0056234132519034,0.25,250,60,0.24,0.19124802403494187,0.2966215765348623,47,0.7928840123913408,1.5620281151695286,1.1857670045724227,2.01354887209646,0.48679402022150126,0.02127659574468085,75.19239243616155,396.78686666666664
0.0056234132519034,0.3,250,49,0.196,0.15154950681109253,0.2496518723166785,34,0.8113247973957539,3.107536864389224,1.2217570513950518,1.675613569865432,0.44571681983032924,0.0,77.5627854664542,452.98929251700685
0.0056234132519034,0.35,250,42,0.168,0.12675788778063776,0.21929098679311218,35,0.7428549248970433,1.400815727873574,1.205349640696736,1.5852137826533506,0.4601563372536541,0.0,84.86246110389581,502.4147936507936
0.0056234132519034,0.4,250,59,0.236,0.1876058720228644,0.2923847993249367,41,0.8166458483434414,1.606034965201649,1.088165891973561,1.6213156179111403,0.5072663216178495,0.0,73.544930755082,547.8613672316384
0.0056234132519034,0.45,250,49,0.196,0.15154950681109253,0.2496518723166785,34,0.730449958090298,2.290249017578069,1.2259873786569069,1.704063299752736,0.40285165693234737,0.0,79.25443651587098,588.134163265306
0.0056234132519034,0.5,250,41,0.164,0.12325083757520047,0.21491910777654646,30,0.7393993479523479,1.6078327066274127,1.04321905919106,1.6138544058952955,0.5352744827833237,0.0,80.67261093640064,625.3895609756097
0.0056234132519034,0.55,250,50,0.2,0.15512326880286578,0.25395703954690824,35,0.814830217998481,2.0662590485570185,1.1458189237711203,1.6596041950766791,0.4359773915908465,0.0,72.96492659132659,661.5147333333333
0.0056234132519034,0.6,250,56,0.224,0.17671751406074326,0.2796363696210489,51,0.6730918470834548,1.1929114612220069,1.0835191945907305,1.6088389553669042,0.4724627899044692,0.0,88.12139340713321,692.4535476190476
0.0056234132519034,0.65,250,62,0.248,0.19855073569865583,0.3050767233151544,42,0.7817258951727892,1.463568988607034,1.002184038164839,1.6325384078830305,0.5132513028917709,0.0,79.64122438869622,722.6887849462366
0.0056234132519034,0.7,250,58,0.232,0.18396999526506153,0.2881417468607366,43,0.7857694012927413,1.7961123409394597,0.935355295469371,1.603040967948203,0.5656605098396059,0.0,75.39898369397855,748.0753908045976
0.0056234132519034,0.75,250,47,0.188,0.14442509786439153,0.24101842281937344,37,0.7507122832846322,2.6838520349903203,1.0854534593934595,1.593241164782338,0.4444323431247991,0.0,77.6946776553885,773.108014184397
0.0056234132519034,0.8,250,44,0.176,0.13379907724930237,0.22800765576845358,38,0.7960978985808015,1.7755404046446386,1.033762384495536,1.6612016740759885,0.5128492504569806,0.0,79.08272267770047,796.9261212121214
0.0056234132519034,0.85,250,43,0.172,0.13027404955334546,0.22365375424240744,30,0.7028718552094909,2.240369252222029,0.9360943366239537,1.6428950582732729,0.5166231495492776,0.0,83.17753406807233,817.1965891472869
0.0056234132519034,0.9,250,46,0.184,0.14087481495903226,0.2366897765027297,36,0.8633911788005111,2.7056805954760024,1.1115875302877465,1.6793961812032967,0.471996258893577,0.0,71.91464917686673,838.1941014492752
0.0056234132519034,0.95,250,54,0.216,0.1694915254237288,0.27110449981405726,35,0.6928524440985477,1.702166905647395,1.1235106648570554,1.5895620703217304,0.49300764531418023,0.0,83.0698871716461,859.0169629629629
0.0056234132519034,1.0,250,51,0.204,0.158704508175768,0.25825472939600896,36,0.7480942831006115,1.880600958047808,1.0544393169786594,1.5990119249059638,0.49789219213985414,0.0,84.22923643864543,877.5415163398692
0.0074989420933245,0.05,250,146,0.584,0.5220798207694061,0.6433776928926572,143,2.157888998992369,3.929447702684296,1.469630481377564,2.322978044573494,0.4251788869844644,0.0979020979020979,39.82399719924129,307.6257488584475
0.0074989420933245,0.1,250,145,0.58,0.5180598018274972,0.6395187826125629,141,2.14629546574889,4.618846064023368,1.379661218053686,2.1343789795691217,0.3279647206499869,0.028368794326241134,28.344930694872552,576.2778712643677
0.0074989420933245,0.15,250,141,0.564,0.5020198636060832,0.6240430039459649,139,2.2301350945465157,5.748058976150777,1.4279326382374793,2.061330967731468,0.16168846690143815,0.007194244604316547,27.567073077998366,811.937413711584
0.0074989420933245,0.2,250,145,0.58,0.5180598018274972,0.6395187826125629,140,2.4399823290480707,7.210280033883766,1.353905441419885,1.6351289843869647,0.19550748944395316,0.0,26.05807735659827,1020.4783540229885
0.0074989420933245,0.25,250,139,0.556,0.49402378531370017,0.616281223794342,136,2.4733612117548995,8.30791110959837,1.3382379019409987,1.5524874154587416,0.20290589369480408,0.0,26.96557077242271,1205.4114004796163
0.0074989420933245,0.3,250,141,0.564,0.5020198636060832,0.6240430039459649,138,2.896228637360285,8.383016372538755,1.323526538685428,2.021371586446695,0.15472226280714818,0.007246376811594203,25.17472540330047,1371.2576453900708
0.0074989420933245,0.35,250,152,0.608,0.5462854973692512,0.66644559162483,151,3.035260506173735,9.012737151325425,1.274935576534513,2.0028770342584976,0.25524849903450497,0.006622516556291391,28.22264171963982,1520.820850877193
0.0074989420933245,0.4,250,140,0.56,0.4980198439170466,0.6201640944129987,137,2.916989648136315,9.593454273405245,1.2651982022138473,1.584300802188085,0.22655559671831135,0.0,24.402488127419232,1656.3090238095235
0.0074989420933245,0.45,250,144,0.576,0.5140438113999315,0.6356558438181257,144,2.890931902313223,10.55652178548718,1.282287891911951,1.5855223136378824,0.2083409233900417,0.0,30.508517401558418,1779.0467638888888
0.0074989420933245,0.5,250,138,0.552,0.4900316768037911,0.6123944030822481,138,3.3664049062266446,14.097285794615653,1.277673712606558,1.5827697144328994,0.1928149452477695,0.0,31.217553890303282,1891.5016521739128
0.0074989420933245,0.55,250,143,0.572,0.5100318342948803,0.6317888917011739,140,3.039354161932647,9.699990186415924,1.2675364165768035,1.5563814061989332,0.22816361887858758,0.0,29.339528552706778,1994.8446713286717
0.0074989420933245,0.6,250,145,0.58,0.5180598018274972,0.6395187826125629,138,2.9472776455030036,9.217663768633724,1.2762105924509806,1.588922004722729,0.23923585490864066,0.0,29.031458670761282,2089.276864367816
0.0074989420933245,0.65,250,151,0.604,0.5422409376574205,0.6626112221146577,146,2.823939594856423,12.938132741527276,1.2650884456195544,1.572353191926066,0.29574833281454593,0.0,34.968745989422466,2176.548119205298
0.0074989420933245,0.7,250,137,0.548,0.48604350819877906,0.6085036424652572,126,2.788201231453202,11.103521631830668,1.2770788654607856,1.562335834366254,0.2486984943995925,0.0,37.13310506150487,2257.574827250608
0.0074989420933245,0.75,250,142,0.568,0.5060238561876421,0.6279179405864089,131,2.7412205803661194,9.729988767086676,1.2753264904693178,1.5884001926127906,0.21007072909611182,0.0,36.39882340708638,2332.834849765258
0.0074989420933245,0.8,250,149,0.596,0.5341642139406014,0.6549300873874709,137,2.878625002253343,9.726209532756142,1.2072831074966677,1.5861698231602823,0.3300242826586703,0.0,40.557005136424316,2403.308093959731
0.0074989420933245,0.85,250,146,0.584,0.5220798207694061,0.6433776928926572,141,2.3568646514736953,10.365961799802651,1.2650232935164751,1.5850405677622923,0.28351793109773116,0.0,34.0422503159268,2467.573703196347
0.0074989420933245,0.9,250,126,0.504,0.44243155182424554,0.5654473773977574,121,2.3178202914340864,8.743853416961853,1.2600416583780991,1.5653632481777493,0.2830010463440414,0.0,38.667302294212405,2529.1051269841273
0.0074989420933245,0.95,250,142,0.568,0.5060238561876421,0.6279179405864089,129,2.1527044186447717,13.74694195329613,1.2677181589343343,1.597170905902243,0.2762166335684088,0.0,44.71484996934433,2586.482511737089
0.0074989420933245,1.0,250,140,0.56,0.4980198439170466,0.6201640944129987,117,2.171197259381646,8.803078743843846,1.2176275864934487,1.6316521255931968,0.33532753131074217,0.0,39.358978385044296,2640.6842714285713
0.01,0.05,250,193,0.772,0.7161076912424261,0.8196594958537787,192,2.8495807354105587,5.558702567552469,1.6260693876014958,2.3687893334341825,0.3240464118458544,0.22395833333333334,27.97096583095845,463.1233851468049
0.01,0.1,250,206,0.824,0.7719923442315464,0.8662009227506975,204,2.9008394348034714,6.132276347053257,1.4746911594636702,2.2208105561505582,0.24057513095867866,0.09803921568627451,19.855855754652385,866.4238187702266
0.01,0.15,250,199,0.796,0.741745270603991,0.841295491824232,198,3.1716202307555554,8.89241887501686,1.4025763626162713,2.1342984699966125,0.22011607531584163,0.06565656565656566,17.704885329083886,1219.565286432161
0.01,0.2,250,203,0.812,0.7589815771806265,0.8555749021356085,203,3.5194411839459034,10.084772263157229,1.393918912141443,2.1655528046233337,0.19385294448421855,0.054187192118226604,14.063437340597607,1531.609674876847
0.01,0.25,250,200,0.8,0.7460429604530917,0.8448767311971342,200,3.7366988600608404,10.57212744703574,1.3762727460462871,2.0699113047518853,0.12065640743130585,0.01,13.882188328897536,1809.1900366666666
0.01,0.3,250,198,0.792,0.7374548978246092,0.8377069353816109,198,3.6314686461907093,10.302360553697252,1.4081264151552126,2.0700683261954698,0.1505220063135677,0.03535353535353535,12.033466073566183,2057.253734006734
0.01,0.35,250,206,0.824,0.7719923442315464,0.8662009227506975,205,4.23625864142944,15.414940032782678,1.3808168619586656,1.5513759806111926,0.13984383559014782,0.0,12.523322802380502,2280.2298899676375
0.01,0.4,250,199,0.796,0.741745270603991,0.841295491824232,189,4.546365288168796,12.081201980707906,1.4117903807576377,2.1727841768318257,0.12530351701387102,0.005291005291005291,13.295354448892986,2481.857443886097
0.01,0.45,250,202,0.808,0.7546609408206536,0.8520166092735785,178,4.607675074590994,12.177933364962016,1.4172049139935872,1.552315148068964,0.13122562434628396,0.0,12.762472555797022,2665.093108910891
0.01,0.5,250,196,0.784,0.7288955001859427,0.8305084745762712,137,5.105269631210314,11.916565212848749,1.4237919766902931,2.0494468844339435,0.14657428525293342,0.0072992700729927005,12.384759791836224,2832.2521972789114
0.01,0.55,250,209,0.836,0.7850808922234535,0.8767491624247995,115,5.453128390302112,13.446916281081428,1.4164363336071166,1.555206953455655,0.1309444099047392,0.0,15.240440268469003,2985.3595311004783
0.01,0.6,250,195,0.78,0.7246261912502433,0.8268988542899677,89,5.361136889574292,22.272317646092684,1.3992865776373253,2.079232277186568,0.20976120611405308,0.011235955056179775,16.187851806566012,3125.7312410256413
0.01,0.65,250,201,0.804,0.7503481276833216,0.8484504931889075,77,5.479589048506949,13.291500445368154,1.4035159145915523,1.563473968449422,0.1335422676805384,0.0,13.395651990116017,3255.5310514096186
0.01,0.7,250,202,0.808,0.7546609408206536,0.8520166092735785,64,4.50310812548631,14.879874427957978,1.327562556202619,1.560534216221814,0.25997874341855887,0.0,19.21660077110601,3375.397168316831
0.01,0.75,250,196,0.784,0.7288955001859427,0.8305084745762712,53,5.988388060301804,15.250649389070707,1.3667459460907372,1.5541749781159502,0.19240238027162304,0.0,21.999067518241382,3486.5807380952374
0.01,0.8,250,205,0.82,0.7676470766122656,0.8626672611479753,43,7.053766699950765,14.981794916473294,1.3539994238971627,1.5754647777015025,0.1559945030811661,0.0,20.46072569315694,3590.188562601626
0.01,0.85,250,200,0.8,0.7460429604530917,0.8448767311971342,56,7.280424678982929,15.95435442334074,1.3389971499999886,2.001940333010789,0.17524466029517582,0.017857142857142856,22.007935677269757,3686.6048466666666
0.01,0.9,250,195,0.78,0.7246261912502433,0.8268988542899677,57,7.24246445518657,22.103514470616467,1.2512256767177536,1.5402128589685753,0.2412365548643009,0.0,24.514963235838955,3777.078823931624
0.01,0.95,250,194,0.776,0.7203636303789512,0.8232824859392568,44,6.720828878076307,25.480672520155156,1.3397166059528032,1.57507408576671,0.18604898374738582,0.0,22.81231264483725,3861.8492783505153
0.01,1.0,250,194,0.776,0.7203636303789512,0.8232824859392568,49,7.504423420620696,16.50965719042296,1.2429166188346394,1.5115211063379754,0.169922089362791,0.0,28.182255054789696,3941.2103986254297
0.0133352143216332,0.05,250,225,0.9,0.8565473757413067,0.9313455464589946,225,3.30431212723254,5.7033174133310585,1.6945744230780206,2.378151680316238,0.32359279565371046,0.36444444444444446,21.68395094274132,579.839208888889
0.0133352143216332,0.1,250,224,0.896,0.8519787370865683,0.92803525589173,224,3.5667952556863045,10.38703506144599,1.5156462726735591,2.239476636222107,0.26397362771623173,0.16517857142857142,15.66122565824348,1083.8182410714287
0.0133352143216332,0.15,250,229,0.916,0.875004257077684,0.9444043820106295,229,3.7660860317558944,9.556322973090383,1.4665021350636926,2.119619511784892,0.18779392896654787,0.06986899563318777,12.92054397354704,1524.9497176128095
0.0133352143216332,0.2,250,235,0.94,0.9033762972146848,0.9633059172056464,234,4.425848815397269,12.468506590142669,1.448951663142185,2.0734736783674217,0.1612267720612627,0.021367521367521368,11.441108544930145,1913.8469560283686
0.0133352143216332,0.25,250,241,0.964,0.9330088524397113,0.980946937312638,237,4.631390994674503,12.889216073638096,1.4697365483004534,2.044902862251258,0.12487306058581793,0.012658227848101266,10.511012100825091,2259.2968547717837
0.0133352143216332,0.3,250,225,0.9,0.8565473757413067,0.9313455464589946,183,5.0051947461115445,11.521169138630906,1.4663088582242187,2.1988921527788,0.14999305399017523,0.00546448087431694,8.96986102907371,2567.5981629629628
0.0133352143216332,0.35,250,231,0.924,0.8843577467284998,0.9508087508038197,126,5.280017820819215,13.275054814650328,1.4541183880992044,2.1167988240518003,0.2038163952418778,0.007936507936507936,9.064268065623775,2844.463212121212
0.0133352143216332,0.4,250,233,0.932,0.8938099139309015,0.9571144420454241,59,5.606086948884796,13.150052487707285,1.454743500648475,1.5852529337398378,0.1490206069880607,0.0,11.279361483863202,3094.4370329041485
0.0133352143216332,0.45,250,222,0.888,0.8428899288546563,0.9213662056796359,24,5.414827730571257,11.57044754024197,1.4530567899269127,2.059810970563683,0.19446925966694664,0.041666666666666664,16.21421196062899,3321.1872102102097
0.0133352143216332,0.5,250,232,0.928,0.8890706197648033,0.9539748069895191,7,7.4856370344125605,11.402841166992488,1.5170781250201875,2.0116150736715666,0.2490042990151276,0.14285714285714285,15.835922506273397,3527.4149568965518
0.0133352143216332,0.55,250,226,0.904,0.8611332699687319,0.9346385814535726,10,9.423539705962764,22.193520793796992,1.3550997931082382,1.449078805353331,0.05931520981325578,0.0,30.492567949348675,3716.4339734513273
0.0133352143216332,0.6,250,236,0.944,0.9082084818368784,0.966352661805456,4,12.817698459875569,25.086178281503045,1.2241196956180305,1.4714008314894926,0.21062927678536658,0.0,29.12314315487617,3889.6013954802256
0.0133352143216332,0.65,250,228,0.912,0.8703606309073363,0.9411690789589741,2,12.082838193882491,17.130928307329523,1.22056590085737,1.2647095168300009,0.06242850040068427,0.0,22.980396676974337,4049.1274970760232
0.0133352143216332,0.7,250,218,0.872,0.8248867899270436,0.9078536277192366,3,8.62734891744043,12.943306638069537,1.2815964273622573,1.4656241585130294,0.17962102905330482,0.0,26.355156436130756,4196.676795107034
0.0133352143216332,0.75,250,228,0.912,0.8703606309073363,0.9411690789589741,7,11.262296069790356,21.252411723265293,1.2901854040129164,1.4226013064471217,0.18789243417546556,0.0,32.377185011866516,4333.108897660819
0.0133352143216332,0.8,250,221,0.884,0.8383682865919351,0.9180089187203542,1,10.888033866897404,10.888033866897404,1.3398734961415757,1.3398734961415757,,0.0,35.25783337054662,4460.131092006033
0.0133352143216332,0.85,250,225,0.9,0.8565473757413067,0.9313455464589946,3,9.953176694456575,11.795427309462935,1.1649547463936927,1.2016428242809944,0.03826953015656074,0.0,27.54607912515519,4578.438008888889
0.0133352143216332,0.9,250,232,0.928,0.8890706197648033,0.9539748069895191,6,13.097952680599041,18.97570902908774,1.248671613267174,1.3462241438751958,0.09400051366797409,0.0,30.235868740307172,4688.7892327586205
0.0133352143216332,0.95,250,226,0.904,0.8611332699687319,0.9346385814535726,3,11.09063927402122,13.920672498898773,1.3819672713107718,1.4350790875740111,0.05180001320457288,0.0,23.679953162697583,4792.198595870207
0.0133352143216332,1.0,250,226,0.904,0.8611332699687319,0.9346385814535726,1,15.534184057312954,15.534184057312954,1.1558272556497582,1.1558272556497582,,0.0,27.59359846860824,4889.263230088495
0.0177827941003892,0.05,250,242,0.968,0.9381368887054249,0.9836978302689277,242,3.6029978243103478,7.646805452202948,1.674690837341187,2.36752110432984,0.32233693847197825,0.34297520661157027,17.531527458248142,667.1647741046831
0.0177827941003892,0.1,250,244,0.976,0.94863720404899,0.9889553733693685,244,4.020911348315416,11.161701669401277,1.5194142212523802,2.2208449109395154,0.1844352096590548,0.08196721311475409,12.50638409576161,1246.4764918032788
0.0177827941003892,0.15,250,242,0.968,0.9381368887054249,0.9836978302689277,242,4.678199128180532,14.224263058494111,1.4839222175482483,2.1562441383519086,0.15405349645845146,0.01652892561983471,10.133931153328293,1752.8308402203857
0.0177827941003892,0.2,250,241,0.964,0.9330088524397113,0.980946937312638,212,4.961159671719012,14.119322973124603,1.4854890375253258,2.154320225988383,0.15770115320454783,0.014150943396226415,9.222179507123483,2198.3181659751035
0.0177827941003892,0.25,250,243,0.972,0.943341533054129,0.9863721151422264,110,5.655342270525524,17.657552098362345,1.4561745454724218,2.158669464814196,0.2809104355562949,0.03636363636363636,10.29859703160717,2593.1073689986283
0.0177827941003892,0.3,250,244,0.976,0.94863720404899,0.9889553733693685,34,5.44341659866664,10.017209169039106,1.4236013416561608,1.6104714934287043,0.22790223395475026,0.0,16.193712117221537,2945.0230409836063
0.0177827941003892,0.35,250,239,0.956,0.9229414729274126,0.9752564583809309,2,6.020010764079627,9.613047622777389,1.4521838784089809,1.5515923188254983,0.1405847646513965,0.0,34.079549311779125,3260.6179274755928
0.0177827941003892,0.4,250,248,0.992,0.9713048854232084,0.9978034088831621,1,5.622156196586256,5.622156196586256,0.9930886665397668,0.9930886665397668,,0.0,60.44603356040872,3544.6167715053766
0.0177827941003892,0.45,250,242,0.968,0.9381368887054249,0.9836978302689277,2,10.050035226034698,10.331569930041368,1.3600026016963753,1.4211376767904231,0.08645805233470003,0.0,29.569277293657095,3801.7310523415977
0.0177827941003892,0.5,250,242,0.968,0.9381368887054249,0.9836978302689277,1,5.763097276178175,5.763097276178175,1.465396372467611,1.465396372467611,,0.0,13.169002413659127,4035.6210055096417
0.0177827941003892,0.55,250,243,0.972,0.943341533054129,0.9863721151422264,0,,,,,,,,4249.029978052126
0.0177827941003892,0.6,250,240,0.96,0.9279465354073034,0.978130325123043,2,11.561900775744155,14.610048434218148,1.31604915497778,1.3988869204564085,0.11715029141655825,0.0,19.46862156134066,4444.626966666667
0.0177827941003892,0.65,250,238,0.952,0.9179869282923764,0.9723320737939639,2,5.373214541710645,6.765132183613092,1.4931198597686635,1.5084791882642432,0.021721370667392426,0.0,11.055353637145107,4624.36050140056
0.0177827941003892,0.7,250,245,0.98,0.9540437045850131,0.9914278020553485,0,,,,,,,,4790.21535510204
0.0177827941003892,0.75,250,242,0.968,0.9381368887054249,0.9836978302689277,0,,,,,,,,4943.668716253444
0.0177827941003892,0.8,250,237,0.948,0.9130774345624312,0.9693626383019062,0,,,,,,,,5086.038542897328
0.0177827941003892,0.85,250,245,0.98,0.9540437045850131,0.9914278020553485,0,,,,,,,,5218.603159183674
0.0177827941003892,0.9,250,241,0.964,0.9330088524397113,0.980946937312638,1,24.760943495514983,24.760943495514983,1.3781375129874214,1.3781375129874214,,0.0,37.44413864854926,5342.209748271092
0.0177827941003892,0.95,250,247,0.988,0.9653186109241421,0.9959107541602255,2,13.475713636160174,14.654520886280157,1.226991360063408,1.275398255444986,0.06845768796100338,0.0,20.02438046994658,5457.783686909583
0.0177827941003892,1.0,250,245,0.98,0.9540437045850131,0.9914278020553485,0,,,,,,,,5566.227306122449
0.0237137370566165,0.05,250,247,0.988,0.9653186109241421,0.9959107541602255,247,3.925085987909012,8.155028696555993,1.6483374905425419,2.294042828318988,0.3028723850021389,0.2874493927125506,14.655650829191856,732.721786774629
0.0237137370566165,0.1,250,246,0.984,0.9595895595167768,0.9937608763455877,246,4.680499861726426,11.345800049272288,1.527987698687168,2.1577730620263846,0.13192084440605423,0.04065040650406504,10.370228559466108,1368.0140433604338
0.0237137370566165,0.15,250,247,0.988,0.9653186109241421,0.9959107541602255,201,5.181762031103115,12.544007189629731,1.4991232419726543,1.62491478173093,0.08382338724355998,0.0,8.900501745573354,1922.1709041835356
0.0237137370566165,0.2,250,249,0.996,0.977693652885133,0.9992935706432406,40,5.479937065037829,12.860008839035238,1.3882604600557993,1.6261787139112758,0.33839443081237663,0.0,13.296450750872173,2408.7978714859437
0.0237137370566165,0.25,250,248,0.992,0.9713048854232084,0.9978034088831621,8,5.358003745711347,10.17625190506614,1.3327796283220503,1.58565797971439,0.18285799430940305,0.0,28.121577576011397,2838.990733870968
0.0237137370566165,0.3,250,249,0.996,0.977693652885133,0.9992935706432406,2,4.833934492469329,8.04231573919514,1.248300478900815,1.266538515522814,0.025792478741888124,0.0,34.70409837269557,3221.3983400267743
0.0237137370566165,0.35,250,247,0.988,0.9653186109241421,0.9959107541602255,3,11.797956156792038,15.54734811254503,1.274146702586676,1.379310985850141,0.09201762778902974,0.0,23.814606147341024,3563.2345721997303
0.0237137370566165,0.4,250,249,0.996,0.977693652885133,0.9992935706432406,0,,,,,,,,3870.459046854083
0.0237137370566165,0.45,250,248,0.992,0.9713048854232084,0.9978034088831621,0,,,,,,,,4147.983892473118
0.0237137370566165,0.5,250,245,0.98,0.9540437045850131,0.9914278020553485,1,3.979031522507858,3.979031522507858,1.2180497554919285,1.2180497554919285,,0.0,28.578934633066684,4399.668440816326
0.0237137370566165,0.55,250,250,1.0,0.9848661527503766,1.0,0,,,,,,,,4628.747698666667
0.0237137370566165,0.6,250,246,0.984,0.9595895595167768,0.9937608763455877,0,,,,,,,,4838.420230352303
0.0237137370566165,0.65,250,247,0.988,0.9653186109241421,0.9959107541602255,0,,,,,,,,5030.857819163292
0.0237137370566165,0.7,250,248,0.992,0.9713048854232084,0.9978034088831621,0,,,,,,,,5208.005860215054
0.0237137370566165,0.75,250,249,0.996,0.977693652885133,0.9992935706432406,0,,,,,,,,5371.702016064258
0.0237137370566165,0.8,250,246,0.984,0.9595895595167768,0.9937608763455877,0,,,,,,,,5523.27435501355
0.0237137370566165,0.85,250,248,0.992,0.9713048854232084,0.9978034088831621,0,,,,,,,,5664.158806451614
0.0237137370566165,0.9,250,248,0.992,0.9713048854232084,0.9978034088831621,0,,,,,,,,5795.41475
0.0237137370566165,0.95,250,248,0.992,0.9713048854232084,0.9978034088831621,0,,,,,,,,5918.053685483871
0.0237137370566165,1.0,250,249,0.996,0.977693652885133,0.9992935706432406,0,,,,,,,,6032.9119892904955
0.0316227766016837,0.05,250,250,1.0,0.9848661527503766,1.0,250,4.177760919730675,11.02655941666896,1.6007474727375468,2.26632814508418,0.22772712187317276,0.164,12.371738461705933,781.7399066666666
0.0316227766016837,0.1,250,249,0.996,0.977693652885133,0.9992935706432406,232,4.998845378006545,13.792702656486874,1.5073563701674766,2.145173547578677,0.14257706576363843,0.017241379310344827,8.9484606256757,1458.3606854083
0.0316227766016837,0.15,250,250,1.0,0.9848661527503766,1.0,36,5.793631806905025,13.221697328878044,1.548045832391879,2.1279232601927425,0.13225226267718496,0.027777777777777776,9.99540069324192,2047.2981599999996
0.0316227766016837,0.2,250,250,1.0,0.9848661527503766,1.0,4,12.036685426641041,15.152525126788142,1.325379451949541,1.597177217804099,0.2398646164845197,0.0,19.690932712272136,2562.93512
0.0316227766016837,0.25,250,250,1.0,0.9848661527503766,1.0,1,2.2743669450123307,2.2743669450123307,1.270883117626751,1.270883117626751,,0.0,19.988924267530336,3017.114317333333
0.0316227766016837,0.3,250,249,0.996,0.977693652885133,0.9992935706432406,2,13.732944349256435,18.636483908831877,1.308092211665108,1.359791853373561,0.07311433447392393,0.0,19.765442861746674,3419.7911298527442
0.0316227766016837,0.35,250,250,1.0,0.9848661527503766,1.0,0,,,,,,,,3778.571269333333
0.0316227766016837,0.4,250,249,0.996,0.977693652885133,0.9992935706432406,1,6.510421133575091,6.510421133575091,1.3288868306270571,1.3288868306270571,,0.0,16.595188435311123,4100.128471218207
0.0316227766016837,0.45,250,249,0.996,0.977693652885133,0.9992935706432406,1,2.278480394617466,2.278480394617466,1.3382030431036909,1.3382030431036909,,0.0,22.2896077098726,4389.822425702811
0.0316227766016837,0.5,250,250,1.0,0.9848661527503766,1.0,0,,,,,,,,4651.795888000001
0.0316227766016837,0.55,250,249,0.996,0.977693652885133,0.9992935706432406,0,,,,,,,,4889.996278447122
0.0316227766016837,0.6,250,248,0.992,0.9713048854232084,0.9978034088831621,3,18.302618885398456,30.00159689134907,1.4203490057608723,1.485746298478543,0.059576363013720435,0.0,15.886889720202317,5107.411142473118
0.0316227766016837,0.65,250,250,1.0,0.9848661527503766,1.0,0,,,,,,,,5306.433208
0.0316227766016837,0.7,250,250,1.0,0.9848661527503766,1.0,0,,,,,,,,5489.355696
0.0316227766016837,0.75,250,249,0.996,0.977693652885133,0.9992935706432406,0,,,,,,,,5658.1302409638565
0.0316227766016837,0.8,250,250,1.0,0.9848661527503766,1.0,0,,,,,,,,5814.192730666668
0.0316227766016837,0.85,250,250,1.0,0.9848661527503766,1.0,0,,,,,,,,5959.010832000001
0.0316227766016837,0.9,250,250,1.0,0.9848661527503766,1.0,0,,,,,,,,6093.703210666667
0.0316227766016837,0.95,250,250,1.0,0.9848661527503766,1.0,0,,,,,,,,6219.317101333333
0.0316227766016837,1.0,250,250,1.0,0.9848661527503766,1.0,0,,,,,,,,6337.016152
0.0421696503428582,0.05,250,250,1.0,0.9848661527503766,1.0,250,4.7801670634873,13.538471475945563,1.5387441153126666,2.2059043384211225,0.1417108242635979,0.032,10.555459866032812,818.4174453333334
0.0421696503428582,0.1,250,250,1.0,0.9848661527503766,1.0,73,4.981745212496449,12.40174379222966,1.4732695371283546,2.077503022734515,0.2062246946262594,0.0136986301369863,10.486939148115484,1525.3082506666665
0.0421696503428582,0.15,250,250,1.0,0.9848661527503766,1.0,5,3.914900299819712,6.912107311012655,1.2504271626867787,1.6134394524410651,0.24396767250474902,0.0,24.911516011149555,2138.5815013333336
0.0421696503428582,0.2,250,250,1.0,0.9848661527503766,1.0,3,6.49017576257437,12.297007117682863,1.3199222612265384,1.40488768571133,0.07588952409544382,0.0,36.502568706268725,2673.3830106666665
0.0421696503428582,0.25,250,250,1.0,0.9848661527503766,1.0,4,13.72695915002673,22.901403018927255,1.355786047661735,1.4681443255019575,0.11171934976990984,0.0,24.22848360675191,3143.1155360000002
0.0421696503428582,0.3,250,250,1.0,0.9848661527503766,1.0,2,7.823028274471556,9.076466539585416,1.2080497287158196,1.4436796288071867,0.33323100040982884,0.0,30.803926042193957,3557.788285333333
0.0421696503428582,0.35,250,250,1.0,0.9848661527503766,1.0,2,13.215360739852798,15.735792694271492,1.3562916742304052,1.356295693528626,5.6841460549248676e-06,0.0,16.78727359518647,3926.1286213333333
0.0421696503428582,0.4,250,250,1.0,0.9848661527503766,1.0,2,19.960362322424672,30.20916475303445,1.3766495619285062,1.3769105076459,0.0003690329725816005,0.0,15.707923142877172,4255.248557333333
0.0421696503428582,0.45,250,250,1.0,0.9848661527503766,1.0,3,15.193077475884323,22.98815076786724,1.3346362105790963,1.460120118314435,0.1110285714804826,0.0,17.403130178487277,4550.670389333334
0.0421696503428582,0.5,250,250,1.0,0.9848661527503766,1.0,2,9.082227834904707,15.019627690675849,1.3519307848897402,1.3524062850764085,0.0006724588128971047,0.0,18.31590274379735,4817.584202666666
0.0421696503428582,0.55,250,250,1.0,0.9848661527503766,1.0,0,,,,,,,,5059.472352
0.0421696503428582,0.6,250,250,1.0,0.9848661527503766,1.0,0,,,,,,,,5279.651490666667
0.0421696503428582,0.65,250,250,1.0,0.9848661527503766,1.0,0,,,,,,,,5481.0187866666665
0.0421696503428582,0.7,250,250,1.0,0.9848661527503766,1.0,0,,,,,,,,5665.87552
0.0421696503428582,0.75,250,250,1.0,0.9848661527503766,1.0,0,,,,,,,,5836.002463999999
0.0421696503428582,0.8,250,250,1.0,0.9848661527503766,1.0,0,,,,,,,,5993.159421333334
0.0421696503428582,0.85,250,250,1.0,0.9848661527503766,1.0,0,,,,,,,,6138.808416
0.0421696503428582,0.9,250,250,1.0,0.9848661527503766,1.0,0,,,,,,,,6274.121056
0.0421696503428582,0.95,250,250,1.0,0.9848661527503766,1.0,0,,,,,,,,6400.185165333333
0.0421696503428582,1.0,250,250,1.0,0.9848661527503766,1.0,0,,,,,,,,6518.131944
0.0562341325190349,0.05,250,250,1.0,0.9848661527503766,1.0,244,5.145048590111472,14.104596564879946,1.5303476257370663,2.186637253518951,0.12894068439388415,0.028688524590163935,9.277670659704915,845.6191120000001
0.0562341325190349,0.1,250,250,1.0,0.9848661527503766,1.0,5,6.455624439206561,12.377301705283855,1.4670665432106293,1.5967928807704648,0.11795682083827137,0.0,28.155499978658064,1573.9933253333334
0.0562341325190349,0.15,250,250,1.0,0.9848661527503766,1.0,8,11.066536107789661,19.875240573469974,1.274190540942275,1.4140518813526337,0.16113517231729887,0.0,26.28483938279473,2203.606592
0.0562341325190349,0.2,250,250,1.0,0.9848661527503766,1.0,5,9.085512329916344,19.22429006022751,1.288490656903948,1.5062513726552853,0.149850935684107,0.0,26.133885628117405,2750.3446160000003
0.0562341325190349,0.25,250,250,1.0,0.9848661527503766,1.0,2,11.139353420263452,17.161744945171822,1.0308446372257551,1.170208369090125,0.19709007970551937,0.0,30.285865190116052,3228.2892213333334
0.0562341325190349,0.3,250,250,1.0,0.9848661527503766,1.0,5,10.38615941462118,17.176414422452453,1.307418335308404,1.4897073404316044,0.21140321473611648,0.0,19.55022758714798,3648.6505973333333
0.0562341325190349,0.35,250,250,1.0,0.9848661527503766,1.0,8,12.351580930929867,23.65666521775617,1.1813533317810894,1.2570565364227382,0.07735733924881394,0.0,21.082620429590317,4020.9055226666665
0.0562341325190349,0.4,250,250,1.0,0.9848661527503766,1.0,1,13.45361365134504,13.45361365134504,1.3599125757982895,1.3599125757982895,,0.0,37.6497637520935,4352.501818666667
0.0562341325190349,0.45,250,250,1.0,0.9848661527503766,1.0,2,9.246938176341011,16.301206853572438,1.290927622775238,1.2970669034134397,0.00868225394175937,0.0,18.637226625637943,4649.556704
0.0562341325190349,0.5,250,250,1.0,0.9848661527503766,1.0,0,,,,,,,,4917.024362666666
0.0562341325190349,0.55,250,250,1.0,0.9848661527503766,1.0,0,,,,,,,,5159.251290666667
0.0562341325190349,0.6,250,250,1.0,0.9848661527503766,1.0,0,,,,,,,,5379.423821333333
0.0562341325190349,0.65,250,250,1.0,0.9848661527503766,1.0,0,,,,,,,,5580.433237333333
0.0562341325190349,0.7,250,250,1.0,0.9848661527503766,1.0,0,,,,,,,,5764.745706666666
0.0562341325190349,0.75,250,250,1.0,0.9848661527503766,1.0,0,,,,,,,,5934.200904
0.0562341325190349,0.8,250,250,1.0,0.9848661527503766,1.0,0,,,,,,,,6090.639325333333
0.0562341325190349,0.85,250,250,1.0,0.9848661527503766,1.0,0,,,,,,,,6235.4512
0.0562341325190349,0.9,250,250,1.0,0.9848661527503766,1.0,0,,,,,,,,6369.8693066666665
0.0562341325190349,0.95,250,250,1.0,0.9848661527503766,1.0,0,,,,,,,,6495.060152000001
0.0562341325190349,1.0,250,250,1.0,0.9848661527503766,1.0,0,,,,,,,,6612.167752
0.0749894209332455,0.05,250,250,1.0,0.9848661527503766,1.0,116,5.3031011970709,12.41309009153455,1.5087337147915552,2.0902041228807984,0.15960738813335276,0.02586206896551724,9.116879685042178,865.8007146666667
0.0749894209332455,0.1,250,250,1.0,0.9848661527503766,1.0,9,9.29373321722402,17.491698510543756,1.2597959892973558,1.481113223853068,0.1517435987571435,0.0,26.002653897632158,1609.0808186666668
0.0749894209332455,0.15,250,250,1.0,0.9848661527503766,1.0,6,11.86250015090232,16.09140905265603,1.2201688475391386,1.4492775943235672,0.2589462334399266,0.0,30.40773008528268,2248.439706666666
0.0749894209332455,0.2,250,250,1.0,0.9848661527503766,1.0,5,15.237305580601937,23.871839547032547,1.1897692238039181,1.291654298058622,0.19816052881519938,0.0,27.61283036439039,2801.050138666667
0.0749894209332455,0.25,250,250,1.0,0.9848661527503766,1.0,14,11.442796041593015,23.450571425901995,1.3008634312048328,1.4880143391286702,0.14988775086661144,0.0,19.840367559121947,3282.196650666667
0.0749894209332455,0.3,250,250,1.0,0.9848661527503766,1.0,5,12.290663806815008,19.39469516376347,1.17753448643481,1.481468176164454,0.17454219391461104,0.0,19.27924635313737,3703.716330666666
0.0749894209332455,0.35,250,250,1.0,0.9848661527503766,1.0,2,14.536295761601252,15.094644283996768,1.389069994694636,1.479948435332889,0.12852152327793548,0.0,11.935183743526835,4076.0636240000003
0.0749894209332455,0.4,250,250,1.0,0.9848661527503766,1.0,0,,,,,,,,4406.936178666667
0.0749894209332455,0.45,250,250,1.0,0.9848661527503766,1.0,0,,,,,,,,4703.019376
0.0749894209332455,0.5,250,250,1.0,0.9848661527503766,1.0,0,,,,,,,,4969.294498666666
0.0749894209332455,0.55,250,250,1.0,0.9848661527503766,1.0,0,,,,,,,,5210.0135199999995
0.0749894209332455,0.6,250,250,1.0,0.9848661527503766,1.0,0,,,,,,,,5428.814586666667
0.0749894209332455,0.65,250,250,1.0,0.9848661527503766,1.0,0,,,,,,,,5628.401970666667
0.0749894209332455,0.7,250,250,1.0,0.9848661527503766,1.0,0,,,,,,,,5811.3249626666675
0.0749894209332455,0.75,250,250,1.0,0.9848661527503766,1.0,0,,,,,,,,5979.504509333333
0.0749894209332455,0.8,250,250,1.0,0.9848661527503766,1.0,0,,,,,,,,6134.607744
0.0749894209332455,0.85,250,250,1.0,0.9848661527503766,1.0,0,,,,,,,,6278.275114666667
0.0749894209332455,0.9,250,250,1.0,0.9848661527503766,1.0,0,,,,,,,,6411.598837333334
0.0749894209332455,0.95,250,250,1.0,0.9848661527503766,1.0,0,,,,,,,,6535.694261333333
0.0749894209332455,1.0,250,250,1.0,0.9848661527503766,1.0,0,,,,,,,,6651.600778666666
0.1,0.05,250,250,1.0,0.9848661527503766,1.0,19,5.739765159910125,10.362143468939752,1.453493998339332,2.0546493054484385,0.24863639723444472,0.05263157894736842,16.984263814932643,880.6529386666666
0.1,0.1,250,250,1.0,0.9848661527503766,1.0,13,10.295716188681062,21.164860139322546,1.2971217068763212,1.499887123612906,0.14038445085672055,0.0,22.675028891682906,1633.509277333333
0.1,0.15,250,250,1.0,0.9848661527503766,1.0,13,16.101048074709414,29.38199666185705,1.2107822679663227,1.4260931216736483,0.21341153117444708,0.0,23.873160045442923,2277.5724426666666
0.1,0.2,250,250,1.0,0.9848661527503766,1.0,19,15.175479928056285,29.10105827430437,1.2613432292759343,1.479994570105296,0.14912883064429486,0.0,20.460857672575834,2831.7340613333336
0.1,0.25,250,250,1.0,0.9848661527503766,1.0,7,11.643450176689626,21.062871963597043,1.217078401540628,1.4947416142026255,0.18762976823577238,0.0,17.141902982157657,3312.3875173333336
0.1,0.3,250,250,1.0,0.9848661527503766,1.0,1,14.661721002946498,14.661721002946498,1.3645964479706736,1.3645964479706736,,0.0,15.508074537293986,3732.8173093333335
0.1,0.35,250,250,1.0,0.9848661527503766,1.0,1,24.009979609476336,24.009979609476336,1.2866116341961134,1.2866116341961134,,0.0,32.7040618135378,4103.438237333333
0.1,0.4,250,250,1.0,0.9848661527503766,1.0,0,,,,,,,,4432.616530666666
0.1,0.45,250,250,1.0,0.9848661527503766,1.0,0,,,,,,,,4726.821048000001
0.1,0.5,250,250,1.0,0.9848661527503766,1.0,6,18.951594055742294,34.796712553778015,1.2442433505223327,1.3888557732235736,0.08528160455212956,0.0,22.087521749238878,4991.480898666667
0.1,0.55,250,250,1.0,0.9848661527503766,1.0,2,8.563048257920919,12.165791248907553,1.3253136805831645,1.390670567221015,0.09242859547772916,0.0,21.238843400536446,5230.719797333333
0.1,0.6,250,250,1.0,0.9848661527503766,1.0,2,11.800636250022206,12.235372754699302,1.1502097849239068,1.170716816106451,0.029001321622361912,0.0,22.99946891785664,5448.097911999999
0.1,0.65,250,250,1.0,0.9848661527503766,1.0,0,,,,,,,,5646.470509333333
0.1,0.7,250,250,1.0,0.9848661527503766,1.0,0,,,,,,,,5828.2893146666665
0.1,0.75,250,250,1.0,0.9848661527503766,1.0,0,,,,,,,,5995.529546666666
0.1,0.8,250,250,1.0,0.9848661527503766,1.0,0,,,,,,,,6149.806072
0.1,0.85,250,250,1.0,0.9848661527503766,1.0,0,,,,,,,,6292.607869333332
0.1,0.9,250,250,1.0,0.9848661527503766,1.0,0,,,,,,,,6425.219589333333
0.1,0.95,250,250,1.0,0.9848661527503766,1.0,0,,,,,,,,6548.659032
0.1,1.0,250,250,1.0,0.9848661527503766,1.0,0,,,,,,,,6662.92924
0.1333521432163324,0.05,250,250,1.0,0.9848661527503766,1.0,15,6.477347738740088,12.458518933222804,1.1591907641132377,1.5454017950656551,0.38881129182684043,0.0,35.110113601744544,891.277032
0.1333521432163324,0.1,250,250,1.0,0.9848661527503766,1.0,17,8.238469222130393,16.30330629989484,1.2251941664026826,1.5326007685463727,0.18082286600279568,0.0,20.894214514097598,1649.4457706666667
0.1333521432163324,0.15,250,250,1.0,0.9848661527503766,1.0,15,17.710658727036968,35.59602251620167,1.3045030872413013,1.460348568795919,0.14428211354018802,0.0,14.60077524579285,2294.6717519999997
0.1333521432163324,0.2,250,250,1.0,0.9848661527503766,1.0,10,13.826396717518701,28.108442915220305,1.227846283719856,1.4112701100518863,0.12556461447762457,0.0,17.853358169821867,2847.783994666667
0.1333521432163324,0.25,250,250,1.0,0.9848661527503766,1.0,3,11.56767881331332,14.241244690214812,1.36836854056505,1.5174707592650285,0.1415456577693065,0.0,18.375359493567682,3326.6765520000004
0.1333521432163324,0.3,250,250,1.0,0.9848661527503766,1.0,3,18.117923159382624,27.434879561639843,1.1811444956239532,1.3604474234406896,0.16377521993878366,0.0,25.91949540887199,3745.1629973333334
0.1333521432163324,0.35,250,250,1.0,0.9848661527503766,1.0,1,13.606238836688956,13.606238836688956,1.1568021893980904,1.1568021893980904,,0.0,24.881707497906746,4114.168226666667
0.1333521432163324,0.4,250,250,1.0,0.9848661527503766,1.0,4,11.948698277777854,22.613510436971563,1.3078833974067414,1.4501768803052215,0.13106233228180963,0.0,15.894913185346688,4441.767794666666
0.1333521432163324,0.45,250,250,1.0,0.9848661527503766,1.0,9,13.130283574535392,22.9619223529526,1.268411388085871,1.373904672463821,0.10593411552125677,0.0,18.32300597431844,4734.776365333332
0.1333521432163324,0.5,250,250,1.0,0.9848661527503766,1.0,1,34.580026938989555,34.580026938989555,1.4960332630203976,1.4960332630203976,,0.0,10.8357384481815,4998.451063999999
0.1333521432163324,0.55,250,250,1.0,0.9848661527503766,1.0,2,16.117158965041437,19.57812673995469,1.3365622736823006,1.3645883571884472,0.039634867394593196,0.0,21.225308172377083,5236.8114000000005
0.1333521432163324,0.6,250,250,1.0,0.9848661527503766,1.0,1,32.63373049881363,32.63373049881363,1.2173404352098651,1.2173404352098651,,0.0,10.50390881170926,5453.506930666666
0.1333521432163324,0.65,250,250,1.0,0.9848661527503766,1.0,0,,,,,,,,5651.345450666667
0.1333521432163324,0.7,250,250,1.0,0.9848661527503766,1.0,0,,,,,,,,5832.608229333334
0.1333521432163324,0.75,250,250,1.0,0.9848661527503766,1.0,0,,,,,,,,5999.428842666667
0.1333521432163324,0.8,250,250,1.0,0.9848661527503766,1.0,0,,,,,,,,6153.324706666667
0.1333521432163324,0.85,250,250,1.0,0.9848661527503766,1.0,0,,,,,,,,6295.829997333333
0.1333521432163324,0.9,250,250,1.0,0.9848661527503766,1.0,0,,,,,,,,6428.180722666666
0.1333521432163324,0.95,250,250,1.0,0.9848661527503766,1.0,0,,,,,,,,6551.390818666667
0.1333521432163324,1.0,250,250,1.0,0.9848661527503766,1.0,0,,,,,,,,6666.0137386666665
0.1778279410038923,0.05,250,250,1.0,0.9848661527503766,1.0,13,9.441565761923352,18.131123803191457,1.1795306415151077,1.5131586285246563,0.2802946509892617,0.0,25.668327895233816,898.6751840000001
0.1778279410038923,0.1,250,250,1.0,0.9848661527503766,1.0,24,12.4215791739308,26.331906435705072,1.1562085166242408,1.4195144957613366,0.18633875679842646,0.0,20.899302522555306,1659.0448026666668
0.1778279410038923,0.15,250,250,1.0,0.9848661527503766,1.0,22,13.486732267153387,22.942899570555937,1.2118421917269395,1.5076077506071603,0.16853842085027398,0.0,17.574642817632135,2303.242504
0.1778279410038923,0.2,250,250,1.0,0.9848661527503766,1.0,16,16.010316219242867,45.47074249987261,1.2285576690074778,1.4350724130115409,0.19876666268787027,0.0,21.229841292402796,2854.661432
0.1778279410038923,0.25,250,250,1.0,0.9848661527503766,1.0,9,12.528073939459436,16.63123407736843,1.2720507158598702,1.4688041123281483,0.10231814874210197,0.0,17.96613193582654,3331.827226666667
0.1778279410038923,0.3,250,250,1.0,0.9848661527503766,1.0,4,8.571745928077533,12.12739392083405,1.0139342927724517,1.3527117935628377,0.48063008580617894,0.0,14.421093017741297,3749.055296
0.1778279410038923,0.35,250,250,1.0,0.9848661527503766,1.0,4,13.140560752270755,20.042956282395007,1.3055585182167866,1.3803076698043963,0.07357726569431007,0.0,13.89880844748851,4117.074816
0.1778279410038923,0.4,250,250,1.0,0.9848661527503766,1.0,8,14.167992575949869,20.91676503361469,1.123651183749521,1.341805627960626,0.15162711151221617,0.0,24.15503103115681,4444.132682666666
0.1778279410038923,0.45,250,250,1.0,0.9848661527503766,1.0,7,13.98976320818457,20.73651418133011,1.244564269395611,1.4742785716349425,0.23700547786891185,0.0,20.0809456641564,4736.632512
0.1778279410038923,0.5,250,250,1.0,0.9848661527503766,1.0,4,16.767431985536227,26.222182828207785,1.2492166707688859,1.3285880114884645,0.12857275494323772,0.0,16.80593707911338,4999.815519999999
0.1778279410038923,0.55,250,250,1.0,0.9848661527503766,1.0,6,12.298578826869486,30.741905306699003,1.1421655235948014,1.4792086148065664,0.4219229323398456,0.0,14.760922618677407,5237.968256
0.1778279410038923,0.6,250,250,1.0,0.9848661527503766,1.0,2,10.384591228521767,16.171859846784372,1.206004587338727,1.2060338291078052,4.1354106418098655e-05,0.0,26.409699434008463,5454.456456
0.1778279410038923,0.65,250,250,1.0,0.9848661527503766,1.0,0,,,,,,,,5652.057693333333
0.1778279410038923,0.7,250,250,1.0,0.9848661527503766,1.0,0,,,,,,,,5833.261877333333
0.1778279410038923,0.75,250,250,1.0,0.9848661527503766,1.0,0,,,,,,,,5999.945205333333
0.1778279410038923,0.8,250,250,1.0,0.9848661527503766,1.0,0,,,,,,,,6153.803336000001
0.1778279410038923,0.85,250,250,1.0,0.9848661527503766,1.0,0,,,,,,,,6296.245048000001
0.1778279410038923,0.9,250,250,1.0,0.9848661527503766,1.0,0,,,,,,,,6428.574976
0.1778279410038923,0.95,250,250,1.0,0.9848661527503766,1.0,0,,,,,,,,6551.701693333333
0.1778279410038923,1.0,250,250,1.0,0.9848661527503766,1.0,0,,,,,,,,6662.6693706666665
0.2371373705661655,0.05,250,250,1.0,0.9848661527503766,1.0,26,10.280915249939314,17.537965554483186,1.186771471811845,1.4774371519089515,0.159924893760136,0.0,28.320337803938692,903.616456
0.2371373705661655,0.1,250,250,1.0,0.9848661527503766,1.0,35,14.444536225203366,33.17233020449687,1.1608712785790574,1.4490782140479146,0.20909518587380363,0.0,20.082534271786734,1663.8732320000001
0.2371373705661655,0.15,250,250,1.0,0.9848661527503766,1.0,28,15.543063069058688,41.00657157145881,1.171905150990764,1.418368260950472,0.1405067685563877,0.0,19.300760910125152,2306.658424
0.2371373705661655,0.2,250,250,1.0,0.9848661527503766,1.0,13,21.20661087707027,61.47742386858307,1.1548671407702606,1.4212838765765414,0.18434763792190093,0.0,19.57604171969757,2856.6591999999996
0.2371373705661655,0.25,250,250,1.0,0.9848661527503766,1.0,6,13.44304106795955,28.68613961878525,1.2054115519164463,1.3398777141543634,0.12139900726793233,0.0,19.36397265948298,3333.11712
0.2371373705661655,0.3,250,250,1.0,0.9848661527503766,1.0,4,11.787867197795387,20.410486860573503,1.2145766433392935,1.4285182867296855,0.1937912504142599,0.0,19.50836767267059,3749.857565333333
0.2371373705661655,0.35,250,250,1.0,0.9848661527503766,1.0,8,13.311342759796595,37.85476642115495,1.1260544233423053,1.372894519563551,0.3821507738963829,0.0,18.41700468304434,4117.607853333334
0.2371373705661655,0.4,250,250,1.0,0.9848661527503766,1.0,8,14.087466790832742,31.62117703619758,1.2696848831654228,1.4920951107773046,0.18015876039798417,0.0,15.641029990592164,4444.446197333333
0.2371373705661655,0.45,250,250,1.0,0.9848661527503766,1.0,3,11.546988326518294,12.625902892065987,1.2768979688574225,1.3091703542392947,0.039672640483912745,0.0,13.283030334840484,4736.838637333333
0.2371373705661655,0.5,250,250,1.0,0.9848661527503766,1.0,6,19.955800356989098,31.95384572741912,1.1876007578333128,1.344021655601662,0.14250525056815225,0.0,20.133047570702406,4999.984957333333
0.2371373705661655,0.55,250,250,1.0,0.9848661527503766,1.0,3,13.144483885221016,18.596282946381752,1.2733326972072974,1.4462574397225474,0.16775919381470955,0.0,16.707603987602628,5238.08824
0.2371373705661655,0.6,250,250,1.0,0.9848661527503766,1.0,2,13.261291341231342,23.24679087867307,1.2958164697489054,1.3873452952765264,0.1294413064092425,0.0,12.40480612329466,5454.535533333334
0.2371373705661655,0.65,250,250,1.0,0.9848661527503766,1.0,0,,,,,,,,5652.203997333334
0.2371373705661655,0.7,250,250,1.0,0.9848661527503766,1.0,0,,,,,,,,5833.314050666668
0.2371373705661655,0.75,250,250,1.0,0.9848661527503766,1.0,0,,,,,,,,5999.999005333334
0.2371373705661655,0.8,250,250,1.0,0.9848661527503766,1.0,0,,,,,,,,6153.813655999999
0.2371373705661655,0.85,250,250,1.0,0.9848661527503766,1.0,0,,,,,,,,6296.285541333333
0.2371373705661655,0.9,250,250,1.0,0.9848661527503766,1.0,0,,,,,,,,6428.589986666666
0.2371373705661655,0.95,250,250,1.0,0.9848661527503766,1.0,0,,,,,,,,6551.732207999999
0.2371373705661655,1.0,250,250,1.0,0.9848661527503766,1.0,0,,,,,,,,6666.516277333332
0.3162277660168379,0.05,250,235,0.94,0.9033762972146848,0.9633059172056464,43,11.625565342614392,21.64524599103547,1.1766086396146407,1.5082478623869804,0.23436797600229606,0.0,23.661779687677598,906.5136170212766
0.3162277660168379,0.1,250,250,1.0,0.9848661527503766,1.0,38,20.147725197886217,55.6968775579912,1.2671694044856294,1.5494587181655586,0.13985650136849848,0.0,15.792370496146843,1665.8516000000002
0.3162277660168379,0.15,250,250,1.0,0.9848661527503766,1.0,27,18.059282822979725,41.06940548457059,1.2525952854211366,1.4902947959096708,0.16727683346649413,0.0,18.1082049724192,2307.4624479999998
0.3162277660168379,0.2,250,250,1.0,0.9848661527503766,1.0,13,22.4101057553882,66.75105767187695,1.2666553592797989,1.53534141289859,0.15618540662440764,0.0,16.611120024324165,2857.1631706666667
0.3162277660168379,0.25,250,250,1.0,0.9848661527503766,1.0,6,14.778355749846748,29.41569813801749,1.2774579482177988,1.398976465575208,0.1633498207359412,0.0,15.32939823829905,3333.33736
0.3162277660168379,0.3,250,250,1.0,0.9848661527503766,1.0,2,12.006831832822332,17.467837264597346,1.3146910215599792,1.4101705969099037,0.13502851038948702,0.0,12.552425707389714,3749.944608
0.3162277660168379,0.35,250,250,1.0,0.9848661527503766,1.0,6,13.708114511803402,19.470255696114183,1.2020872195161025,1.5019422948157557,0.41679813307287034,0.0,17.6193197138305,4117.643805333334
0.3162277660168379,0.4,250,250,1.0,0.9848661527503766,1.0,7,13.820642873659333,24.118973635731635,1.0409283277354855,1.4014953088993822,0.34182932757675877,0.0,22.104613399549873,4444.462517333333
0.3162277660168379,0.45,250,250,1.0,0.9848661527503766,1.0,4,14.063158623559882,22.553494288399104,1.3516706046103932,1.500749836147316,0.11250827637680416,0.0,13.380139818725034,4736.863282666666
0.3162277660168379,0.5,250,250,1.0,0.9848661527503766,1.0,4,17.293498114927083,27.201456108060928,1.2890462497366975,1.4365989372011918,0.17261441494552326,0.0,13.847532712415418,5000.027706666667
0.3162277660168379,0.55,250,250,1.0,0.9848661527503766,1.0,0,,,,,,,,5238.071162666667
0.3162277660168379,0.6,250,250,1.0,0.9848661527503766,1.0,2,12.392102718180702,13.6889154438513,1.322872810952272,1.3586744322099984,0.0506311383376215,0.0,19.460334982169393,5454.505269333334
0.3162277660168379,0.65,250,250,1.0,0.9848661527503766,1.0,1,12.470258557888211,12.470258557888211,1.3350810638847856,1.3350810638847856,,0.0,17.517572576136345,5652.165829333333
0.3162277660168379,0.7,250,250,1.0,0.9848661527503766,1.0,0,,,,,,,,5833.310962666667
0.3162277660168379,0.75,250,250,1.0,0.9848661527503766,1.0,0,,,,,,,,5999.980202666667
0.3162277660168379,0.8,250,250,1.0,0.9848661527503766,1.0,0,,,,,,,,6153.845653333335
0.3162277660168379,0.85,250,250,1.0,0.9848661527503766,1.0,0,,,,,,,,6296.308626666667
0.3162277660168379,0.9,250,250,1.0,0.9848661527503766,1.0,0,,,,,,,,6428.566575999999
0.3162277660168379,0.95,250,250,1.0,0.9848661527503766,1.0,0,,,,,,,,6551.726152000001
0.3162277660168379,1.0,250,250,1.0,0.9848661527503766,1.0,0,,,,,,,,6666.666666666667
0.4216965034285822,0.05,250,248,0.992,0.9713048854232084,0.9978034088831621,55,13.868652657799492,28.43195993871816,1.2314723886658794,1.4942096435260308,0.15634051787484052,0.0,18.92182553916773,908.1682177419355
0.4216965034285822,0.1,250,250,1.0,0.9848661527503766,1.0,43,20.41942919624074,41.93262588005931,1.1573918195149064,1.4974410315861464,0.26726544039100975,0.0,18.222628115213983,1666.4328213333333
0.4216965034285822,0.15,250,250,1.0,0.9848661527503766,1.0,29,17.540515669878545,47.44734886831372,1.2236538905857415,1.4543750244440292,0.16235031553365303,0.0,18.562978583104066,2307.629872
0.4216965034285822,0.2,250,250,1.0,0.9848661527503766,1.0,17,17.93754954834611,33.251301957706616,1.19507602973224,1.4390254710665875,0.1627364088978863,0.0,18.345870079952142,2857.2163066666667
0.4216965034285822,0.25,250,250,1.0,0.9848661527503766,1.0,6,16.572699775599144,29.20555692401708,1.2543401953044497,1.32905507423283,0.07100993221061654,0.0,19.166866178799655,3333.2946906666666
0.4216965034285822,0.3,250,250,1.0,0.9848661527503766,1.0,10,15.681487219621895,35.54296816217973,1.29395343267675,1.421404688990057,0.12090224098398442,0.0,16.0873006013172,3749.983312
0.4216965034285822,0.35,250,250,1.0,0.9848661527503766,1.0,8,14.452688135095972,24.51944403190584,1.3029953426302847,1.495953770359316,0.1362804844739831,0.0,17.03511015432988,4117.66324
0.4216965034285822,0.4,250,250,1.0,0.9848661527503766,1.0,9,11.877393147834859,26.10341061903703,1.2659905982860096,1.4278791463015594,0.12712637241144842,0.0,19.962417947505074,4444.399095999999
0.4216965034285822,0.45,250,250,1.0,0.9848661527503766,1.0,7,16.024899965797804,18.67446929399562,1.2059292455752337,1.3203638482515383,0.09765594125495188,0.0,18.287639394827554,4736.850754666668
0.4216965034285822,0.5,250,250,1.0,0.9848661527503766,1.0,3,15.144766317913975,20.367585227727584,1.3848701421293796,1.4791380991647776,0.08200072506176098,0.0,13.130519573205829,4999.930624
0.4216965034285822,0.55,250,250,1.0,0.9848661527503766,1.0,5,18.937157497271567,27.91230089107837,1.3270476381785283,1.421259658043251,0.10535027482931528,0.0,17.084945821620167,5238.089221333334
0.4216965034285822,0.6,250,250,1.0,0.9848661527503766,1.0,1,4.917696406788079,4.917696406788079,1.2551958849974592,1.2551958849974592,,0.0,21.02493118009692,5454.559810666667
0.4216965034285822,0.65,250,250,1.0,0.9848661527503766,1.0,0,,,,,,,,5652.140914666667
0.4216965034285822,0.7,250,250,1.0,0.9848661527503766,1.0,0,,,,,,,,5833.310504
0.4216965034285822,0.75,250,250,1.0,0.9848661527503766,1.0,0,,,,,,,,5999.940410666667
0.4216965034285822,0.8,250,250,1.0,0.9848661527503766,1.0,0,,,,,,,,6153.811898666667
0.4216965034285822,0.85,250,250,1.0,0.9848661527503766,1.0,0,,,,,,,,6296.297237333333
0.4216965034285822,0.9,250,250,1.0,0.9848661527503766,1.0,0,,,,,,,,6428.5728186666665
0.4216965034285822,0.95,250,250,1.0,0.9848661527503766,1.0,0,,,,,,,,6551.721488
0.4216965034285822,1.0,250,250,1.0,0.9848661527503766,1.0,0,,,,,,,,6666.666666666667
0.5623413251903491,0.05,250,250,1.0,0.9848661527503766,1.0,59,13.889329675161216,47.767277731158735,1.2002571063290899,1.5081191870097097,0.23130061231500598,0.0,18.633270319129323,908.8723093333333
0.5623413251903491,0.1,250,250,1.0,0.9848661527503766,1.0,51,17.807753356907927,36.37446739564548,1.1899413411212134,1.4639452224341345,0.15736763643670262,0.0,18.549910412285858,1666.5592773333333
0.5623413251903491,0.15,250,250,1.0,0.9848661527503766,1.0,26,17.41675918136554,43.04450810869181,1.1622803963389414,1.505450100738333,0.23269939402850606,0.0,17.306173320866314,2307.7206586666666
0.5623413251903491,0.2,250,250,1.0,0.9848661527503766,1.0,16,15.936838228596594,36.4715139651043,1.2819928687098119,1.4842186723478497,0.17998205552445226,0.0,14.956675805051379,2857.0519093333332
0.5623413251903491,0.25,250,250,1.0,0.9848661527503766,1.0,10,19.001763485779446,39.96172193643682,1.1552620369315156,1.4253753377386764,0.11950174692178843,0.0,16.968393505537307,3333.370584
0.5623413251903491,0.3,250,250,1.0,0.9848661527503766,1.0,5,14.435008118700372,29.743508050568284,1.2829129250572602,1.424344672544287,0.17624735356111185,0.0,17.602033919113484,3749.99448
0.5623413251903491,0.35,250,250,1.0,0.9848661527503766,1.0,8,23.432050265016493,37.57834163712582,1.208644708641225,1.358382420128231,0.10117642739888111,0.0,19.614782867216867,4117.575410666666
0.5623413251903491,0.4,250,250,1.0,0.9848661527503766,1.0,5,17.350215957016182,22.79529701003313,0.9536742419213958,1.443490710807152,0.5362048306160417,0.0,14.380313671725911,4444.499346666666
0.5623413251903491,0.45,250,250,1.0,0.9848661527503766,1.0,3,13.401463297863865,18.36860311297699,1.2844497740912773,1.3035532623251878,0.017475910766664198,0.0,17.90384512072388,4736.948546666666
0.5623413251903491,0.5,250,250,1.0,0.9848661527503766,1.0,5,12.152055853668942,27.17700139287902,1.2882023627749102,1.3346297195494472,0.03663141076517446,0.0,18.462491750576618,5000.064149333333
0.5623413251903491,0.55,250,250,1.0,0.9848661527503766,1.0,1,6.207504256646519,6.207504256646519,1.0505358812241234,1.0505358812241234,,0.0,14.135547540477718,5238.116581333334
0.5623413251903491,0.6,250,250,1.0,0.9848661527503766,1.0,0,,,,,,,,5454.55488
0.5623413251903491,0.65,250,250,1.0,0.9848661527503766,1.0,0,,,,,,,,5652.113496
0.5623413251903491,0.7,250,250,1.0,0.9848661527503766,1.0,0,,,,,,,,5833.3350666666665
0.5623413251903491,0.75,250,250,1.0,0.9848661527503766,1.0,0,,,,,,,,6000.034130666667
0.5623413251903491,0.8,250,250,1.0,0.9848661527503766,1.0,0,,,,,,,,6153.84792
0.5623413251903491,0.85,250,250,1.0,0.9848661527503766,1.0,0,,,,,,,,6296.275106666666
0.5623413251903491,0.9,250,250,1.0,0.9848661527503766,1.0,0,,,,,,,,6428.585904
0.5623413251903491,0.95,250,250,1.0,0.9848661527503766,1.0,0,,,,,,,,6551.7231600000005
0.5623413251903491,1.0,250,250,1.0,0.9848661527503766,1.0,0,,,,,,,,6666.666666666667
0.7498942093324559,0.05,250,250,1.0,0.9848661527503766,1.0,50,17.039717591124614,45.05799422918382,1.1741959094684253,1.47027239406843,0.18956158687731253,0.0,18.00744737495175,909.028024
0.7498942093324559,0.1,250,250,1.0,0.9848661527503766,1.0,46,19.059505112886765,48.10808753106339,1.1682088245873417,1.4282234645942429,0.19059940732251457,0.0,18.212643927465646,1666.6318453333333
0.7498942093324559,0.15,250,250,1.0,0.9848661527503766,1.0,27,15.80401893914436,43.53640285389828,1.1499527395975018,1.4770624676021962,0.2356720293620951,0.0,16.930543774144677,2307.811125333333
0.7498942093324559,0.2,250,250,1.0,0.9848661527503766,1.0,12,19.42186802061599,28.346979417410974,1.0508156157841484,1.3342312046275595,0.26528766332356485,0.0,20.01607885984437,2857.1518186666667
0.7498942093324559,0.25,250,250,1.0,0.9848661527503766,1.0,5,16.552417717584436,25.146270783075067,1.2933319004100061,1.4688682012520222,0.16848617423904244,0.0,21.279622443678758,3333.350736
0.7498942093324559,0.3,250,250,1.0,0.9848661527503766,1.0,4,13.506260892105097,21.97324734353006,1.3278514273941373,1.4543854878009417,0.11694994898732444,0.0,16.257059183266843,3749.9501253333333
0.7498942093324559,0.35,250,250,1.0,0.9848661527503766,1.0,5,16.380544734582514,24.943990942775688,1.3007402602381428,1.4487344678744294,0.13787885984353065,0.0,19.905891952760847,4117.619232
0.7498942093324559,0.4,250,250,1.0,0.9848661527503766,1.0,8,19.318401108079904,30.14210146453139,1.257793289498634,1.4202346547629676,0.10470384572623662,0.0,17.826618784927355,4444.365909333334
0.7498942093324559,0.45,250,250,1.0,0.9848661527503766,1.0,5,24.000797596997558,33.74090979045475,1.3197581384851063,1.4843202015710204,0.09865158041483937,0.0,13.481253284966902,4736.784304
0.7498942093324559,0.5,250,250,1.0,0.9848661527503766,1.0,3,13.416497099758933,20.39134214100327,1.2606003108771648,1.304058543692733,0.03807565776177111,0.0,19.08104887165,5000.012871999999
0.7498942093324559,0.55,250,250,1.0,0.9848661527503766,1.0,6,19.90073635437018,28.66207059302709,1.153776672811709,1.435276278494236,0.4079680502163684,0.0,17.96759080661732,5238.100885333333
0.7498942093324559,0.6,250,250,1.0,0.9848661527503766,1.0,2,23.476787690011626,25.275869536922663,1.3301089310747685,1.3379822148666871,0.011134504718943467,0.0,17.5915205980279,5454.5146239999995
0.7498942093324559,0.65,250,250,1.0,0.9848661527503766,1.0,0,,,,,,,,5652.194762666667
0.7498942093324559,0.7,250,250,1.0,0.9848661527503766,1.0,0,,,,,,,,5833.369898666667
0.7498942093324559,0.75,250,250,1.0,0.9848661527503766,1.0,0,,,,,,,,5999.980541333333
0.7498942093324559,0.8,250,250,1.0,0.9848661527503766,1.0,0,,,,,,,,6153.852146666666
0.7498942093324559,0.85,250,250,1.0,0.9848661527503766,1.0,0,,,,,,,,6296.294808000001
0.7498942093324559,0.9,250,250,1.0,0.9848661527503766,1.0,0,,,,,,,,6428.580621333333
0.7498942093324559,0.95,250,250,1.0,0.9848661527503766,1.0,0,,,,,,,,6551.731968
0.7498942093324559,1.0,250,250,1.0,0.9848661527503766,1.0,0,,,,,,,,6666.529757333334
1.0,0.05,250,0,0.0,0.0,0.015133847249623387,0,,,,,,,,
1.0,0.1,250,0,0.0,0.0,0.015133847249623387,0,,,,,,,,
1.0,0.15,250,0,0.0,0.0,0.015133847249623387,0,,,,,,,,
1.0,0.2,250,0,0.0,0.0,0.015133847249623387,0,,,,,,,,
1.0,0.25,250,0,0.0,0.0,0.015133847249623387,0,,,,,,,,
1.0,0.3,250,0,0.0,0.0,0.015133847249623387,0,,,,,,,,
1.0,0.35,250,0,0.0,0.0,0.015133847249623387,0,,,,,,,,
1.0,0.4,250,0,0.0,0.0,0.015133847249623387,0,,,,,,,,
1.0,0.45,250,0,0.0,0.0,0.015133847249623387,0,,,,,,,,
1.0,0.5,250,0,0.0,0.0,0.015133847249623387,0,,,,,,,,
1.0,0.55,250,0,0.0,0.0,0.015133847249623387,0,,,,,,,,
1.0,0.6,250,0,0.0,0.0,0.015133847249623387,0,,,,,,,,
1.0,0.65,250,0,0.0,0.0,0.015133847249623387,0,,,,,,,,
1.0,0.7,250,0,0.0,0.0,0.015133847249623387,0,,,,,,,,
1.0,0.75,250,0,0.0,0.0,0.015133847249623387,0,,,,,,,,
1.0,0.8,250,0,0.0,0.0,0.015133847249623387,0,,,,,,,,
1.0,0.85,250,0,0.0,0.0,0.015133847249623387,0,,,,,,,,
1.0,0.9,250,0,0.0,0.0,0.015133847249623387,0,,,,,,,,
1.0,0.95,250,0,0.0,0.0,0.015133847249623387,0,,,,,,,,
1.0,1.0,250,0,0.0,0.0,0.015133847249623387,0,,,,,,,,
