constant,default,multiplier,value,ordering_valid,n,eo_mean,ec_mean,dz,t,p,n_up,ec_frac_rhythmic,eo_frac_rhythmic,dz_norej,p_norej,n_up_norej,rho_Q_RI,top1_frac_below2,frac_label_changed,rank_corr_vs_base,frac_rhythmic,exemplar_RI,comparison_RI,maxQ_RI,all_conclusions_hold
t_c,0.5,0.5,0.25,False,15,1.1782450229627757,1.9116287537152004,1.4394022049037982,5.574780768086646,6.846394424222167e-05,15,0.4944649446494465,0.031914893617021274,1.5044080265287583,1.9817397205412364e-06,20,7.913517929683131e-05,1.0,0.03534930474116267,0.9963176635111357,0.07999664935500084,2.378151680316238,1.3419616672802244,1.4121943241023478,True
t_c,0.5,0.55,0.275,False,15,1.1782450229627757,1.9088119135288768,1.4299335711061938,5.538108907077188,7.308355042298199e-05,15,0.4907749077490775,0.031914893617021274,1.4956157924518205,2.146425765751567e-06,20,-0.0016911848885160555,1.0,0.02286815211928296,0.9973817141819585,0.06751549673312113,2.378151680316238,1.3419616672802244,1.4121943241023478,True
t_c,0.5,0.6,0.3,False,15,1.1782450229627757,1.907689983001679,1.4283819693801454,5.532099579432256,7.387103074120588e-05,15,0.4907749077490775,0.031914893617021274,1.4959357376211277,2.1401918040023414e-06,20,-0.0031000924662845154,1.0,0.013402579996649355,0.998473827462059,0.05804992461048752,2.378151680316238,1.3419616672802244,1.4121943241023478,True
t_c,0.5,0.65,0.325,True,15,1.1782450229627757,1.9076107800361541,1.4282973990141494,5.531772039813171,7.391420601052827e-05,15,0.4907749077490775,0.031914893617021274,1.4969017738409127,2.1214822842733816e-06,20,-0.004001171588138355,1.0,0.007455185123136204,0.9991685142670852,0.052102529736974365,2.378151680316238,1.3419616672802244,1.4121943241023478,True
t_c,0.5,0.7,0.35,True,15,1.1782450229627757,1.9076107800361541,1.4282973990141494,5.531772039813171,7.391420601052827e-05,15,0.4907749077490775,0.031914893617021274,1.4983548843487553,2.093656908117647e-06,20,-0.004423155030625024,1.0,0.0038532417490366897,0.9995716456426668,0.048500586362874853,2.378151680316238,1.3419616672802244,1.4121943241023478,True
t_c,0.5,0.75,0.375,True,15,1.1782450229627757,1.9074486490356284,1.4279412071466966,5.530392514642471,7.409633983612261e-05,15,0.4907749077490775,0.031914893617021274,1.500176791791803,2.0593010542641025e-06,20,-0.0047204128346010656,1.0,0.0017590886245602278,0.9998234065701436,0.04640643323839839,2.378151680316238,1.3419616672802244,1.4121943241023478,True
t_c,0.5,0.8,0.4,True,15,1.1782450229627757,1.906830239155986,1.4259084476392878,5.522519670923433,7.514475942789019e-05,15,0.4907749077490775,0.031914893617021274,1.5001861350379888,2.059126376132588e-06,20,-0.004728719556737226,1.0,0.0009214273747696431,0.9998943420740228,0.04556877198860781,2.378151680316238,1.3419616672802244,1.4121943241023478,True
t_c,0.5,0.85,0.425,True,15,1.1782450229627757,1.9044612644241876,1.4162466288494815,5.485099607656439,8.034368364749361e-05,15,0.4870848708487085,0.031914893617021274,1.4918770003413175,2.2206792742972393e-06,20,-0.004841855297724107,1.0,0.0003350644999162339,0.9999634653696395,0.044982409113754396,2.378151680316238,1.3419616672802244,1.4121943241023478,True
t_c,0.5,0.9,0.45,True,15,1.1782450229627757,1.9044612644241876,1.4162466288494815,5.485099607656439,8.034368364749361e-05,15,0.4870848708487085,0.031914893617021274,1.4918770003413175,2.2206792742972393e-06,20,-0.004902385658969698,1.0,8.376612497905847e-05,0.9999853596404995,0.04473111073881722,2.378151680316238,1.3419616672802244,1.4121943241023478,True
t_c,0.5,0.95,0.475,True,15,1.1782450229627757,1.9044612644241876,1.4162466288494815,5.485099607656439,8.034368364749361e-05,15,0.4870848708487085,0.031914893617021274,1.4918770003413175,2.2206792742972393e-06,20,-0.004841888292618622,1.0,0.0,1.0,0.044647344613838166,2.378151680316238,1.3419616672802244,1.4121943241023478,True
t_c,0.5,1.0,0.5,True,15,1.1782450229627757,1.9044612644241876,1.4162466288494815,5.485099607656439,8.034368364749361e-05,15,0.4870848708487085,0.031914893617021274,1.4918770003413175,2.2206792742972393e-06,20,-0.004841888292618622,1.0,0.0,1.0,0.044647344613838166,2.378151680316238,1.3419616672802244,1.4121943241023478,True
t_c,0.5,1.05,0.525,True,15,1.1782450229627757,1.9044612644241876,1.4162466288494815,5.485099607656439,8.034368364749361e-05,15,0.4870848708487085,0.031914893617021274,1.4918770003413175,2.2206792742972393e-06,20,-0.004841888292618622,1.0,0.0,1.0,0.044647344613838166,2.378151680316238,1.3419616672802244,1.4121943241023478,True
t_c,0.5,1.1,0.55,True,15,1.1782450229627757,1.9044612644241876,1.4162466288494815,5.485099607656439,8.034368364749361e-05,15,0.4870848708487085,0.031914893617021274,1.4918770003413175,2.2206792742972393e-06,20,-0.004841888292618622,1.0,0.0,1.0,0.044647344613838166,2.378151680316238,1.3419616672802244,1.4121943241023478,True
t_c,0.5,1.15,0.575,True,15,1.1782450229627757,1.9044612644241876,1.4162466288494815,5.485099607656439,8.034368364749361e-05,15,0.4870848708487085,0.031914893617021274,1.4918770003413175,2.2206792742972393e-06,20,-0.004841888292618622,1.0,0.0,1.0,0.044647344613838166,2.378151680316238,1.3419616672802244,1.4121943241023478,True
t_c,0.5,1.2,0.6,True,15,1.1782450229627757,1.9044612644241876,1.4162466288494815,5.485099607656439,8.034368364749361e-05,15,0.4870848708487085,0.031914893617021274,1.4918770003413175,2.2206792742972393e-06,20,-0.004841888292618622,1.0,0.0,1.0,0.044647344613838166,2.378151680316238,1.3419616672802244,1.4121943241023478,True
t_c,0.5,1.25,0.625,True,15,1.1782450229627757,1.9044612644241876,1.4162466288494815,5.485099607656439,8.034368364749361e-05,15,0.4870848708487085,0.031914893617021274,1.4918770003413175,2.2206792742972393e-06,20,-0.004841888292618622,1.0,0.0,1.0,0.044647344613838166,2.378151680316238,1.3419616672802244,1.4121943241023478,True
t_c,0.5,1.3,0.65,True,15,1.1782450229627757,1.9044612644241876,1.4162466288494815,5.485099607656439,8.034368364749361e-05,15,0.4870848708487085,0.031914893617021274,1.4918770003413175,2.2206792742972393e-06,20,-0.004841888292618622,1.0,0.0,1.0,0.044647344613838166,2.378151680316238,1.3419616672802244,1.4121943241023478,True
t_c,0.5,1.35,0.675,True,15,1.1782450229627757,1.9044612644241876,1.4162466288494815,5.485099607656439,8.034368364749361e-05,15,0.4870848708487085,0.031914893617021274,1.4918770003413175,2.2206792742972393e-06,20,-0.004841888292618622,1.0,0.0,1.0,0.044647344613838166,2.378151680316238,1.3419616672802244,1.4121943241023478,True
t_c,0.5,1.4,0.7,True,15,1.1782450229627757,1.9044612644241876,1.4162466288494815,5.485099607656439,8.034368364749361e-05,15,0.4870848708487085,0.031914893617021274,1.4918770003413175,2.2206792742972393e-06,20,-0.004841888292618622,1.0,0.0,1.0,0.044647344613838166,2.378151680316238,1.3419616672802244,1.4121943241023478,True
t_c,0.5,1.45,0.725,True,15,1.1782450229627757,1.9044612644241876,1.4162466288494815,5.485099607656439,8.034368364749361e-05,15,0.4870848708487085,0.031914893617021274,1.4918770003413175,2.2206792742972393e-06,20,-0.004841888292618622,1.0,0.0,1.0,0.044647344613838166,2.378151680316238,1.3419616672802244,1.4121943241023478,True
t_c,0.5,1.5,0.75,True,15,1.1782450229627757,1.9044612644241876,1.4162466288494815,5.485099607656439,8.034368364749361e-05,15,0.4870848708487085,0.031914893617021274,1.4918770003413175,2.2206792742972393e-06,20,-0.004841888292618622,1.0,0.0,1.0,0.044647344613838166,2.378151680316238,1.3419616672802244,1.4121943241023478,True
t_cw,0.3,0.5,0.15,True,15,1.2093902708769628,1.9339082033108304,1.4467381495188283,5.603192759409358,6.509481101338385e-05,15,0.4870848708487085,0.031914893617021274,1.5381866311204082,1.4611386649977406e-06,20,-0.04746511556353492,1.0,0.011475959122131011,0.8424882368460404,0.044647344613838166,2.378151680316238,1.3454574430007529,1.4121943241023478,True
t_cw,0.3,0.55,0.165,True,15,1.2080039045173845,1.9319385174660115,1.4444792348176327,5.594444020391125,6.611341299220011e-05,15,0.4870848708487085,0.031914893617021274,1.534582078024502,1.509216624878179e-06,20,-0.048552139762145716,1.0,0.010722063997319484,0.8811050587267073,0.044647344613838166,2.378151680316238,1.3419616672802244,1.4121943241023478,True
t_cw,0.3,0.6,0.18,True,15,1.2065501098233924,1.9302642478985528,1.4427981437031163,5.5879331825011445,6.688224611575901e-05,15,0.4870848708487085,0.031914893617021274,1.530518881194648,1.5653771438232212e-06,20,-0.049391444414919716,1.0,0.010135701122466074,0.9073228295682737,0.044647344613838166,2.378151680316238,1.3419616672802244,1.4121943241023478,True
t_cw,0.3,0.65,0.195,True,15,1.2048157091560048,1.9287990805353539,1.4428102715418076,5.587980153418421,6.6876666264212e-05,15,0.4870848708487085,0.031914893617021274,1.5280344031548234,1.6007767940967357e-06,20,-0.050599632982873954,1.0,0.00929803987267549,0.9222945644904944,0.044647344613838166,2.378151680316238,1.3419616672802244,1.4121943241023478,True
t_cw,0.3,0.7,0.21,True,15,1.2039164783474456,1.9282518558262767,1.4426758007488136,5.587459350276606,6.693856159863503e-05,15,0.4870848708487085,0.031914893617021274,1.5268888883983964,1.6173760775039076e-06,20,-0.05120543879765548,1.0,0.008879209247780198,0.9301955950198963,0.044647344613838166,2.378151680316238,1.3419616672802244,1.4121943241023478,True
t_cw,0.3,0.75,0.225,True,15,1.2033580375749886,1.9278009357006722,1.4413611103998787,5.58236757644976,6.754685644887407e-05,15,0.4870848708487085,0.031914893617021274,1.5254535505288243,1.638426442109873e-06,20,-0.05219315555099219,1.0,0.008627910872843023,0.9338473068579058,0.044647344613838166,2.378151680316238,1.3419616672802244,1.4121943241023478,True
t_cw,0.3,0.8,0.24,True,15,1.2033580375749886,1.9276682610453117,1.4407337415423838,5.579937787312753,6.783916427184949e-05,15,0.4870848708487085,0.031914893617021274,1.5252327807929602,1.6416892353829098e-06,20,-0.052684068248147815,1.0,0.008376612497905847,0.9352602968705955,0.044647344613838166,2.378151680316238,1.3419616672802244,1.4121943241023478,True
t_cw,0.3,0.85,0.255,True,15,1.201166026044084,1.9258104718468723,1.4387797739574513,5.57237010339728,6.87580557767081e-05,15,0.4870848708487085,0.031914893617021274,1.5229537297874582,1.6757666911994003e-06,20,-0.048384962503015085,1.0,0.007790249623052438,0.948885392919179,0.044647344613838166,2.378151680316238,1.3419616672802244,1.4121943241023478,True
t_cw,0.3,0.9,0.27,True,15,1.1944053268563668,1.9195971476466565,1.4313580599455507,5.543625928628875,7.236829104753302e-05,15,0.4870848708487085,0.031914893617021274,1.5137310660216938,1.82130539343626e-06,20,-0.034626493113855863,1.0,0.005779862623555034,0.9786781032359497,0.044647344613838166,2.378151680316238,1.3419616672802244,1.4121943241023478,True
t_cw,0.3,0.95,0.285,True,15,1.1866246941233451,1.9121874918231634,1.4229160988378682,5.510930353849489,7.671633018985876e-05,15,0.4870848708487085,0.031914893617021274,1.5023222239104268,2.019589641383544e-06,20,-0.01977161374112007,1.0,0.002512983749371754,0.9950676823772171,0.044647344613838166,2.378151680316238,1.3419616672802244,1.4121943241023478,True
t_cw,0.3,1.0,0.3,True,15,1.1782450229627757,1.9044612644241876,1.4162466288494815,5.485099607656439,8.034368364749361e-05,15,0.4870848708487085,0.031914893617021274,1.4918770003413175,2.2206792742972393e-06,20,-0.004841888292618622,1.0,0.0,1.0,0.044647344613838166,2.378151680316238,1.3419616672802244,1.4121943241023478,True
t_cw,0.3,1.05,0.315,True,15,1.1696107569727234,1.8940805491988277,1.4072731186901195,5.450345352252206,8.55084695274417e-05,15,0.4870848708487085,0.031914893617021274,1.4799783467416165,2.4751367948199695e-06,20,0.009917510048104887,1.0,0.008879209247780198,0.9955300051337298,0.03937007874015748,2.378151680316238,1.3419616672802244,1.4121943241023478,True
t_cw,0.3,1.1,0.33,True,15,1.1608769015889342,1.882988558658272,1.3985303700169258,5.41648483224085,9.087389604293468e-05,15,0.4870848708487085,0.031914893617021274,1.469022830928166,2.7360461106945106e-06,20,0.024392398202551513,1.0,0.01750712012062322,0.9851209962910272,0.0336739822415815,2.378151680316238,1.3419616672802244,1.4121943241023478,True
t_cw,0.3,1.15,0.345,True,15,1.1520633587161206,1.8711058386600534,1.3936963925660428,5.39776291807764,9.39899802280129e-05,15,0.4870848708487085,0.031914893617021274,1.464941094969369,2.840369940811067e-06,20,0.03815388288636004,1.0,0.024459708493885072,0.9716188101112123,0.02956944211760764,2.378151680316238,1.3419616672802244,1.4121943241023478,True
t_cw,0.3,1.2,0.36,True,15,1.1433235876225247,1.8581941999475964,1.3878707915455346,5.37520046234356,9.789374711632557e-05,15,0.4870848708487085,0.031914893617021274,1.4544047389852306,3.12906448612549e-06,20,0.050782376045477,1.0,0.03183112749204222,0.9563275598449391,0.025464901993633774,2.3286719786455947,1.3419616672802244,1.4121943241023478,True
t_cw,0.3,1.25,0.375,True,15,1.1346595253575922,1.8439059602206258,1.3811766937220038,5.349274332955143,0.00010258878853502901,15,0.4833948339483395,0.031914893617021274,1.4458819381377954,3.3846495257701937e-06,20,0.06286966180008108,1.0,0.039202546490199365,0.9406740046454205,0.02194672474451332,2.2817776735169266,1.3419616672802244,1.4121943241023478,True
t_cw,0.3,1.3,0.39,True,15,1.1263681471259126,1.823315512483822,1.3492542656215867,5.225639300551723,0.0001284271715226014,15,0.46494464944649444,0.031914893617021274,1.4205080802732386,4.280810494691379e-06,20,0.074606907398993,1.0,0.04556877198860781,0.9253037869953585,0.018931144245267213,2.238080707374304,1.3419616672802244,1.4121943241023478,True
t_cw,0.3,1.35,0.405,True,15,1.1189719288062074,1.8102032458274442,1.343306228503408,5.202602651850394,0.00013394668658785097,15,0.46494464944649444,0.031914893617021274,1.4141922379846186,4.539752750424997e-06,20,0.08556569866092972,1.0,0.05185123136203719,0.9106754559324901,0.01650192662087452,2.197264859878448,1.3419616672802244,1.4121943241023478,True
t_cw,0.3,1.4,0.42,True,15,1.1117222446120754,1.7972548495357747,1.341418353417775,5.195290943084017,0.00013574965588833212,15,0.4612546125461255,0.031914893617021274,1.4108955853723975,4.681268496251119e-06,20,0.09598830555727134,1.0,0.056123303735969174,0.8971193684379786,0.014910370246272408,2.15905427924403,1.3419616672802244,1.4121943241023478,True
t_cw,0.3,1.45,0.435,True,15,1.0984753635939986,1.7822843901034313,1.3546354912599041,5.246480697831112,0.00012363733159141257,15,0.4575645756457565,0.010638297872340425,1.4224493671176697,4.204315834350832e-06,20,0.10601057545344231,1.0,0.06324342435918914,0.8843468762866661,0.011727257497068185,2.1357655604310164,1.3419616672802244,1.4121943241023478,False
t_cw,0.3,1.5,0.45,True,15,1.0920835185639357,1.766646023774493,1.3473965669262018,5.218444464442227,0.00013012517855665544,15,0.45018450184501846,0.010638297872340425,1.4287391365298587,3.966006899490741e-06,20,0.11569349680932095,1.0,0.06935835148266041,0.8727314043331267,0.009549338247612666,2.1357655604310164,1.3419616672802244,1.4121943241023478,False
t_r,0.4,0.5,0.2,False,15,1.5895940004492708,2.54597821198764,1.4681685106865474,5.686192191315144,5.6208311400221284e-05,15,0.8708487084870848,0.574468085106383,1.767994877189087,1.994024864221028e-07,20,-0.09872393405591878,0.975,0.18989780532752554,0.8229954824772929,0.23454514994136372,2.556444317841983,1.3419616672802244,1.4121943241023478,False
t_r,0.4,0.55,0.22,True,15,1.5028873148093609,2.4867762382249845,1.5881071046150468,6.150712368167757,2.5157644446131862e-05,15,0.8523985239852399,0.48936170212765956,1.7822323223578378,1.770786816731064e-07,20,-0.07668189101646974,0.975,0.16284134695928967,0.8401369569157385,0.20748869157312783,2.556444317841983,1.3419616672802244,1.4121943241023478,False
t_r,0.4,0.6,0.24,True,15,1.4272299310205414,2.4263851788390323,1.6177937579097534,6.265688281982789,2.07138134781711e-05,15,0.8339483394833949,0.40425531914893614,1.7502035285263238,2.3146985664959132e-07,20,-0.061164100807500975,0.9916666666666667,0.13787904171553023,0.859440506370807,0.1825263863293684,2.556444317841983,1.3419616672802244,1.4121943241023478,True
t_r,0.4,0.65,0.26,True,15,1.3769799520469321,2.3504553074550785,1.5844606912566452,6.1365898699572785,2.576872269582324e-05,15,0.7970479704797048,0.35106382978723405,1.7092768567822645,3.272400177555313e-07,20,-0.04671319322671531,1.0,0.11467582509633105,0.8824526205475302,0.15932316971016922,2.556444317841983,1.3419616672802244,1.4121943241023478,True
t_r,0.4,0.7,0.28,True,15,1.3170439373512697,2.2796599921545986,1.5105671786529584,5.850401526250432,4.2159800730464316e-05,15,0.7601476014760148,0.2872340425531915,1.6156519975769386,7.34870607163307e-07,20,-0.03172503516718993,1.0,0.09122131010219467,0.911118750713839,0.13586865471603285,2.556444317841983,1.3419616672802244,1.4121943241023478,True
t_r,0.4,0.75,0.3,True,15,1.2697272538978184,2.213155011147308,1.5619844321933873,6.049539692920236,2.9895393140064615e-05,15,0.7232472324723247,0.18085106382978725,1.651285707281607,5.386149400744894e-07,20,-0.020227817494961924,1.0,0.07094990785726252,0.9360678056269092,0.11559725247110068,2.556444317841983,1.3419616672802244,1.4121943241023478,True
t_r,0.4,0.8,0.32,True,15,1.2445867270004667,2.142177787335004,1.5629757058064004,6.053378879114972,2.969952428948066e-05,15,0.6715867158671587,0.1276595744680851,1.6261776798966456,6.701910485162826e-07,20,-0.014446567045281236,1.0,0.05411291673647177,0.9574598384563318,0.09876026135030994,2.556444317841983,1.3419616672802244,1.4121943241023478,True
t_r,0.4,0.85,0.34,True,15,1.231110495261453,2.079356376012186,1.520616905820649,5.889323952204826,3.940311829137046e-05,15,0.6309963099630996,0.11702127659574468,1.5811705963957843,9.958640511976515e-07,20,-0.009221186605377832,1.0,0.03853241749036689,0.9748000499545159,0.08317976210420507,2.556444317841983,1.3419616672802244,1.4121943241023478,True
t_r,0.4,0.9,0.36,True,15,1.2074461184742775,2.0162952800908416,1.4923210955606898,5.779734750300559,4.7692625921488065e-05,15,0.5830258302583026,0.06382978723404255,1.5622035985674922,1.17868634474985e-06,20,-0.006001711317723549,1.0,0.02412464399396884,0.9875067690263265,0.068771988607807,2.5312796447958203,1.3419616672802244,1.4121943241023478,True
t_r,0.4,0.95,0.38,True,15,1.2031099484336918,1.9598895284145508,1.4222873089880106,5.508495061232726,7.705090385777738e-05,15,0.5424354243542435,0.06382978723404255,1.5287850900702573,1.5899943936259507e-06,20,-0.005370099298774082,1.0,0.011224660747193835,0.9954343272887773,0.055872005361032,2.4506859792802507,1.3419616672802244,1.4121943241023478,True
t_r,0.4,1.0,0.4,True,15,1.1782450229627757,1.9044612644241876,1.4162466288494815,5.485099607656439,8.034368364749361e-05,15,0.4870848708487085,0.031914893617021274,1.4918770003413175,2.2206792742972393e-06,20,-0.004841888292618622,1.0,0.0,1.0,0.044647344613838166,2.378151680316238,1.3419616672802244,1.4121943241023478,True
t_r,0.4,1.05,0.42,True,15,1.1736625352787906,1.8634306969875243,1.3904870623986507,5.385333235786847,9.612008895537573e-05,15,0.4612546125461255,0.02127659574468085,1.4891002212246072,2.2775395686473375e-06,20,-0.004565977092146993,1.0,0.011140894622214776,0.9973770406646161,0.03350644999162339,2.312525409824989,1.3419616672802244,1.4121943241023478,True
t_r,0.4,1.1,0.44,True,15,1.1705497035676085,1.8214007187989127,1.3656813480785728,5.289261117334407,0.00011437843110422158,15,0.42435424354243545,0.010638297872340425,1.469848112953217,2.715437934925663e-06,20,-0.004741273140757868,1.0,0.02018763611995309,0.9961229551929199,0.024459708493885072,2.252865163923853,1.3419616672802244,1.4121943241023478,True
t_r,0.4,1.15,0.46,True,15,1.170210340466469,1.7919844767700337,1.3314907304921983,5.156841424825832,0.00014565471542494875,15,0.4059040590405904,0.010638297872340425,1.4701085938567597,2.708966751954607e-06,20,-0.004807448414981636,1.0,0.02781035349304741,0.9955693160185667,0.01683699112079075,2.198392765492381,1.3419616672802244,1.4121943241023478,True
t_r,0.4,1.2,0.48,True,15,1.1669564178071463,1.7651379447364015,1.320204947993459,5.113131777159296,0.0001578326160903112,15,0.39114391143911437,0.0,1.4735869760143503,2.6240615911593368e-06,20,-0.004952214671392102,1.0,0.03451164349137209,0.9953432340625673,0.010135701122466074,2.1484597335968654,1.3419616672802244,1.4121943241023478,True
t_r,0.4,1.25,0.5,True,15,1.1669564178071463,1.7373751262490909,1.2627716501357507,4.8906935710386215,0.0002384042469008257,15,0.36162361623616235,0.0,1.4527491982255825,3.1771058664031923e-06,20,-0.005120644812544404,1.0,0.039118780365220304,0.9952627809492848,0.005528564248617859,2.102521344252991,1.3419616672802244,1.4121943241023478,True
t_r,0.4,1.3,0.52,True,15,1.1669564178071463,1.7140311397522165,1.2304531225827282,4.76552445205182,0.0003014999799055112,15,0.33579335793357934,0.0,1.464617074652876,2.8488253488175268e-06,20,-0.0051915529356592344,1.0,0.041799296364550174,0.99523916329823,0.002848048249287988,2.060116677166337,1.3419616672802244,1.4121943241023478,True
t_r,0.4,1.35,0.54,True,15,1.1669564178071463,1.6879072408332614,1.19781378610401,4.639112845438484,0.000382914082597265,15,0.3025830258302583,0.0,1.4961689673290226,2.13565922907915e-06,20,-0.005224512401923934,1.0,0.04322332048919417,0.9952342466216333,0.001424024124643994,2.020853096530547,1.3419616672802244,1.4121943241023478,True
t_r,0.4,1.4,0.56,True,15,1.1669564178071463,1.6656838611754843,1.1665705352466806,4.518108255186667,0.00048219595451058097,15,0.2693726937269373,0.0,1.5155976512611928,1.7908302500710124e-06,20,-0.00524555692369744,1.0,0.043977215614005694,0.9952326359587133,0.0006701289998324678,1.6371952324687022,1.3419616672802244,1.4121943241023478,False
t_r,0.4,1.45,0.58,True,15,1.1669564178071463,1.6488653841683987,1.133709189184644,4.39083680915444,0.0006155774357558964,15,0.25092250922509224,0.0,1.520926240145968,1.7066968517298214e-06,20,-0.005250141605904218,1.0,0.04431228011392193,0.9952321810551811,0.0003350644999162339,1.6371952324687022,1.3419616672802244,1.4121943241023478,False
t_r,0.4,1.5,0.6,True,15,1.1669564178071463,1.6291261091697726,1.1067135642799217,4.286283203477988,0.0007532774549239502,15,0.22140221402214022,0.0,1.553411299881448,1.2748912739765117e-06,20,-0.005251387752114806,1.0,0.044479812363880045,0.9952320404847985,0.00016753224995811694,1.6371952324687022,1.3419616672802244,1.4121943241023478,False
t_rw,0.2,0.5,0.1,False,15,1.264928948797763,1.951813286411659,1.4333496269422006,5.551339234439756,7.138050960903315e-05,15,0.4870848708487085,0.031914893617021274,1.4898243549822567,2.2625680880951553e-06,20,0.028067173728445395,1.0,0.015999329871000167,0.5553594286872757,0.044647344613838166,2.378151680316238,1.5636382953338352,1.6453863026600493,True
t_rw,0.2,0.55,0.11,True,15,1.2472413473594728,1.9405260064914138,1.4324738755423936,5.5479474638528865,7.1813122834403e-05,15,0.4870848708487085,0.031914893617021274,1.4903862598353321,2.2510207173753692e-06,20,0.04637663860916993,1.0,0.015664265371083935,0.6222563468503708,0.044647344613838166,2.378151680316238,1.5636382953338352,1.6453863026600493,True
t_rw,0.2,0.6,0.12,True,15,1.2324251896766814,1.9310653730378853,1.4279625533125688,5.530475187987399,7.40854115937787e-05,15,0.4870848708487085,0.031914893617021274,1.4891875109306483,2.2757294445784834e-06,20,0.05938651428775225,1.0,0.015496733121125816,0.6915186084427621,0.044647344613838166,2.378151680316238,1.5636382953338352,1.6453863026600493,True
t_rw,0.2,0.65,0.13,True,15,1.2196418907196704,1.92405281577624,1.4265032912396287,5.52482349028115,7.483637028309233e-05,15,0.4870848708487085,0.031914893617021274,1.4907672343872058,2.2432261587191824e-06,20,0.06700432763507021,1.0,0.014826604121293349,0.7585525642353742,0.044647344613838166,2.378151680316238,1.5636382953338352,1.617926310666526,True
t_rw,0.2,0.7,0.14,True,15,1.2085600975084967,1.9188871927161073,1.4259513416114813,5.522685798563391,7.512247731765834e-05,15,0.4870848708487085,0.031914893617021274,1.4909429578896156,2.2396403338017876e-06,20,0.06960149038572043,1.0,0.01365387837158653,0.8198128642683872,0.044647344613838166,2.378151680316238,1.539373167096157,1.5885360268716435,True
t_rw,0.2,0.75,0.15,True,15,1.199643978797668,1.9149416121759084,1.4247929638605008,5.518199420825225,7.572664585405401e-05,15,0.4870848708487085,0.031914893617021274,1.4908651880189236,2.241226580257827e-06,20,0.06740513937238493,1.0,0.01256491874685877,0.8734799128010013,0.044647344613838166,2.378151680316238,1.5064712504601683,1.559145743076761,True
t_rw,0.2,0.8,0.16,True,15,1.1931655807509378,1.9119237337737167,1.4225232179561544,5.50940873273757,7.692520075441031e-05,15,0.4870848708487085,0.031914893617021274,1.4905763009368262,2.2471290778009226e-06,20,0.06015500963987125,1.0,0.010638297872340425,0.9182246599045223,0.044647344613838166,2.378151680316238,1.4735693338241793,1.5297554592818783,True
t_rw,0.2,0.85,0.17,True,15,1.1884149713970802,1.9094675613677095,1.4199973171874272,5.499625961126117,7.82823045272148e-05,15,0.4870848708487085,0.031914893617021274,1.4901274134578941,2.256332538209246e-06,20,0.04834931786737637,1.0,0.008292846372926788,0.9538319577699028,0.044647344613838166,2.378151680316238,1.4406674171881906,1.5003651754869956,True
t_rw,0.2,0.9,0.18,True,15,1.1841778690080274,1.9074365157564848,1.4178727153052386,5.4913974134190795,7.944312325518189e-05,15,0.4870848708487085,0.031914893617021274,1.4899699386339758,2.2595704288178093e-06,20,0.03289493342808125,1.0,0.006198693248450327,0.9794769503104889,0.044647344613838166,2.378151680316238,1.4077655005522018,1.470974891692113,True
t_rw,0.2,0.95,0.19,True,15,1.1808906906324403,1.9057452119772773,1.4167242444330954,5.486949404857664,8.007807166802049e-05,15,0.4870848708487085,0.031914893617021274,1.4903570352485698,2.2516197919931276e-06,20,0.014991445981720156,1.0,0.003601943374099514,0.994894272947638,0.044647344613838166,2.378151680316238,1.374863583916213,1.4415846078972305,True
t_rw,0.2,1.0,0.2,True,15,1.1782450229627757,1.9044612644241876,1.4162466288494815,5.485099607656439,8.034368364749361e-05,15,0.4870848708487085,0.031914893617021274,1.4918770003413175,2.2206792742972393e-06,20,-0.004841888292618622,1.0,0.0,1.0,0.044647344613838166,2.378151680316238,1.3419616672802244,1.4121943241023478,True
t_rw,0.2,1.05,0.21,True,15,1.1759392548582646,1.9034360814040776,1.4159115306410988,5.483801777876028,8.053058684707208e-05,15,0.4870848708487085,0.031914893617021274,1.4933127363478091,2.191856365342782e-06,20,-0.026255278337295414,1.0,0.004774669123806333,0.9952687992166523,0.044647344613838166,2.378151680316238,1.3090597506442356,1.3828040403074653,True
t_rw,0.2,1.1,0.22,True,15,1.1738243550628884,1.9026004178747313,1.4160252923508083,5.48424237508317,8.046708475119155e-05,15,0.4870848708487085,0.031914893617021274,1.4948949549425865,2.160539696668714e-06,20,-0.048462472856560586,1.0,0.010135701122466074,0.9822534529467364,0.044647344613838166,2.378151680316238,1.2761578340082467,1.3534137565125826,True
t_rw,0.2,1.15,0.23,True,15,1.1718754277102386,1.9017983864205583,1.416043641148172,5.484313439669782,8.045684729218891e-05,15,0.4870848708487085,0.031914893617021274,1.496208531867591,2.1348913174997882e-06,20,-0.07107188107170992,1.0,0.015412966996146759,0.9623476479905448,0.044647344613838166,2.378151680316238,1.243255917372258,1.3240234727177,True
t_rw,0.2,1.2,0.24,True,15,1.1700717262449742,1.9010257830321613,1.4159811561302382,5.4840714362359355,8.049171551004797e-05,15,0.4870848708487085,0.031914893617021274,1.497217583817671,2.1154025880414396e-06,20,-0.09322722475608639,1.0,0.020941531244764618,0.9370431671988838,0.044647344613838166,2.378151680316238,1.210354000736269,1.2946331889228175,True
t_rw,0.2,1.25,0.25,True,15,1.1683958235606087,1.9002790763416477,1.4158496202477955,5.483561999953808,8.056516734560483e-05,15,0.4870848708487085,0.031914893617021274,1.498035581136216,2.0997387193616944e-06,20,-0.11485109123598498,1.0,0.02688892611827777,0.9076804008767612,0.044647344613838166,2.378151680316238,1.1774520841002802,1.2652429051279348,False
t_rw,0.2,1.3,0.26,True,15,1.1668329736439618,1.8995552782684924,1.4156586468921217,5.4828223633277124,8.067193444715885e-05,15,0.4870848708487085,0.031914893617021274,1.4986853090711083,2.087382411067742e-06,20,-0.13569256761275122,1.0,0.032082425866979396,0.8749397943073055,0.044647344613838166,2.378151680316238,1.1445501674642915,1.235852621333052,False
t_rw,0.2,1.35,0.27,True,15,1.1653706150763978,1.8988902707735695,1.4155520428390471,5.482409487605518,8.073159750296296e-05,15,0.4870848708487085,0.031914893617021274,1.499302423698647,2.075715844496606e-06,20,-0.1554500925762326,1.0,0.039118780365220304,0.8398538711727657,0.044647344613838166,2.378151680316238,1.1116482508283028,1.2064623375381696,False
t_rw,0.2,1.4,0.28,True,15,1.164098155684578,1.8983349601295885,1.4153118414747201,5.481479191721743,8.086619956650419e-05,15,0.4870848708487085,0.031914893617021274,1.499727637187425,2.067716367852157e-06,20,-0.17388342467100712,1.0,0.04640643323839839,0.8032074203103767,0.044647344613838166,2.378151680316238,1.078746334192314,1.177072053743287,False
t_rw,0.2,1.45,0.29,True,15,1.1630121808222578,1.8977959500890915,1.4145948647019118,5.478702352621038,8.126936613960323e-05,15,0.4870848708487085,0.031914893617021274,1.4996758499884053,2.0686889278155394e-06,20,-0.1908972781894777,1.0,0.05285642486178589,0.7655970692923848,0.044647344613838166,2.378151680316238,1.0458444175563253,1.1476817699484045,False
t_rw,0.2,1.5,0.3,True,15,1.1619986042840926,1.8972716105917307,1.41384247700527,5.475788367602053,8.16946984516324e-05,15,0.4870848708487085,0.031914893617021274,1.4995160425179341,2.071693079628788e-06,20,-0.2065845201258582,1.0,0.060646674484838334,0.7280106413292389,0.044647344613838166,2.378151680316238,1.0129425009203366,1.1182914861535218,False
t_min,0.1,0.5,0.05,True,15,1.355180448265922,1.944502022495289,1.1509570059846788,4.45763731637941,0.0005414051026384409,15,0.4870848708487085,0.031914893617021274,1.2050207031834232,3.359414608847115e-05,19,-0.15695589476826516,1.0,0.026051264868487183,0.7918898127867738,0.044647344613838166,2.378151680316238,1.3419616672802244,1.4121943241023478,False
t_min,0.1,0.55,0.055,True,15,1.3438838123344097,1.9420174582946899,1.1732691209321966,4.544051765989814,0.00045887805085105635,15,0.4870848708487085,0.031914893617021274,1.2239185295455497,2.7918081707086554e-05,19,-0.14086213598248432,1.0,0.024292176243926957,0.8160598780644712,0.044647344613838166,2.378151680316238,1.3419616672802244,1.4121943241023478,False
t_min,0.1,0.6,0.06,True,15,1.3200379290807052,1.9358955923013095,1.2415177400513424,4.808377531239918,0.0002781519663259718,15,0.4870848708487085,0.031914893617021274,1.2648544846985772,1.874832943727158e-05,20,-0.12374928111374445,1.0,0.022030490869492377,0.8417790191402074,0.044647344613838166,2.378151680316238,1.3419616672802244,1.4121943241023478,False
t_min,0.1,0.65,0.065,True,15,1.3073842566103593,1.9331458414130662,1.2648434489563456,4.898717613367478,0.00023485805569537738,15,0.4870848708487085,0.031914893617021274,1.2852494038303688,1.5397097126571043e-05,19,-0.10599555295837614,1.0,0.020606466744848385,0.8685979374878156,0.044647344613838166,2.378151680316238,1.3419616672802244,1.4121943241023478,False
t_min,0.1,0.7,0.07,True,15,1.290059366432581,1.9272990794620566,1.2904506634418433,4.997893928612572,0.0001952765433963188,15,0.4870848708487085,0.031914893617021274,1.3099592896303736,1.214505891213375e-05,19,-0.0878486654831308,1.0,0.018344781370413805,0.8964361458212333,0.044647344613838166,2.378151680316238,1.3419616672802244,1.4121943241023478,True
t_min,0.1,0.75,0.075,True,15,1.268795852774838,1.917521464175492,1.2689852401279678,4.914758701598639,0.00022793159039874954,15,0.4870848708487085,0.031914893617021274,1.3018326163307186,1.3128547426219947e-05,19,-0.06989706960441415,1.0,0.01524543474618864,0.9232621858467073,0.044647344613838166,2.378151680316238,1.3419616672802244,1.4121943241023478,True
t_min,0.1,0.8,0.08,True,15,1.2250275695942279,1.9155263991296634,1.3128096571550945,5.08448993890195,0.00016638194054436522,15,0.4870848708487085,0.031914893617021274,1.3531386823308857,8.052068687333062e-06,19,-0.05326292057027666,1.0,0.013318813871670297,0.94769119160835,0.044647344613838166,2.378151680316238,1.3419616672802244,1.4121943241023478,True
t_min,0.1,0.85,0.085,True,15,1.2113710884361424,1.9133376195777538,1.3492218916162542,5.225513916568221,0.00012845656451541574,15,0.4870848708487085,0.031914893617021274,1.4009174420541246,5.137942086839452e-06,20,-0.03830514221779555,1.0,0.010638297872340425,0.9687522791981236,0.044647344613838166,2.378151680316238,1.3419616672802244,1.4121943241023478,True
t_min,0.1,0.9,0.09,True,15,1.200917534430797,1.910735845591733,1.3707088583824658,5.3087325810142705,0.00011040599894697944,15,0.4870848708487085,0.031914893617021274,1.4184334219241266,4.364147298422119e-06,20,-0.025008600470196395,1.0,0.006868822248282795,0.9854766983942993,0.044647344613838166,2.378151680316238,1.3419616672802244,1.4121943241023478,True
t_min,0.1,0.95,0.095,True,15,1.189853786033069,1.907764792594121,1.3934327618679618,5.396741880774421,9.416309023897234e-05,15,0.4870848708487085,0.031914893617021274,1.4630331610165448,2.8905333286098124e-06,20,-0.013835064695111749,1.0,0.003601943374099514,0.9962167443728636,0.044647344613838166,2.378151680316238,1.3419616672802244,1.4121943241023478,True
t_min,0.1,1.0,0.1,True,15,1.1782450229627757,1.9044612644241876,1.4162466288494815,5.485099607656439,8.034368364749361e-05,15,0.4870848708487085,0.031914893617021274,1.4918770003413175,2.2206792742972393e-06,20,-0.004841888292618622,1.0,0.0,1.0,0.044647344613838166,2.378151680316238,1.3419616672802244,1.4121943241023478,True
t_min,0.1,1.05,0.105,True,15,1.1663569254594066,1.9007589201047392,1.4394910795417688,5.5751249780794065,6.842205634011759e-05,15,0.4870848708487085,0.031914893617021274,1.4903058243269172,2.252669961271475e-06,20,0.0028039404849991003,1.0,0.0046071368738482155,0.9961737733329097,0.044647344613838166,2.378151680316238,1.3419616672802244,1.4121943241023478,True
t_min,0.1,1.1,0.11,True,15,1.1441676563817849,1.896774323618264,1.5073421088628047,5.83791088466281,4.3086614317366576e-05,15,0.4870848708487085,0.031914893617021274,1.5242177825030634,1.6567766732261448e-06,20,0.009099092129848043,1.0,0.00929803987267549,0.9853066364230316,0.044647344613838166,2.378151680316238,1.3419616672802244,1.4121943241023478,True
t_min,0.1,1.15,0.115,True,15,1.1201412051764874,1.8904394664702333,1.5654688591137211,6.063034820353766,2.92128123081964e-05,15,0.4870848708487085,0.031914893617021274,1.5458868414397728,1.363661297323342e-06,20,0.013927118532336899,1.0,0.014659071871335232,0.968434005140627,0.044647344613838166,2.378151680316238,1.3419616672802244,1.4121943241023478,True
t_min,0.1,1.2,0.12,True,15,1.1093625158967422,1.883481492209396,1.5674029348701317,6.070525463548649,2.8841000604555306e-05,15,0.4870848708487085,0.031914893617021274,1.5452348658663038,1.3716478887955338e-06,20,0.017652566119126183,1.0,0.02144412799463897,0.9466259148858949,0.044647344613838166,2.378151680316238,1.3419616672802244,1.4121943241023478,True
t_min,0.1,1.25,0.125,True,15,1.0961126763105564,1.8783645677595446,1.5911711544641556,6.162579382205304,2.4655906236403096e-05,15,0.4870848708487085,0.031914893617021274,1.5447876499328486,1.3771541530843526e-06,20,0.019849311695820826,1.0,0.028564248617858938,0.9209788696015839,0.044647344613838166,2.378151680316238,1.3419616672802244,1.4121943241023478,True
t_min,0.1,1.3,0.13,True,15,1.0852447945301678,1.8727251481197615,1.6027246117503366,6.2073257298658016,2.2856396285364125e-05,15,0.4870848708487085,0.031914893617021274,1.5504510827224434,1.3090794337206536e-06,20,0.02090735788498819,1.0,0.03543307086614173,0.8925807083394602,0.044647344613838166,2.378151680316238,1.3419616672802244,1.4121943241023478,True
t_min,0.1,1.35,0.135,True,15,1.0742563106896912,1.8666501885898563,1.612524172313529,6.245279264727198,2.1438055254727176e-05,15,0.4870848708487085,0.031914893617021274,1.5624579271354941,1.1760179277722467e-06,20,0.021017501663328983,1.0,0.04540123973864969,0.8621407827175135,0.044647344613838166,2.378151680316238,1.3419616672802244,1.4121943241023478,True
t_min,0.1,1.4,0.14,True,15,1.0611213847795546,1.8601949013338301,1.6291341451939525,6.309609413074034,1.924087939764381e-05,15,0.4870848708487085,0.031914893617021274,1.5664810837680059,1.1346280299807437e-06,20,0.020447444384953835,1.0,0.05562070698609482,0.8306634897726629,0.044647344613838166,2.378151680316238,1.3419616672802244,1.4121943241023478,True
t_min,0.1,1.45,0.145,True,15,1.0444633490675077,1.8518043941744213,1.6594253581362834,6.426926776336104,1.582060418788098e-05,15,0.4870848708487085,0.031914893617021274,1.5924127607273462,9.015988748151735e-07,20,0.019515733925902504,1.0,0.0657564081085609,0.7988282992874179,0.044647344613838166,2.378151680316238,1.3419616672802244,1.4121943241023478,True
t_min,0.1,1.5,0.15,True,15,1.0293547623862944,1.8449931205134933,1.6716084838347707,6.474111819271097,1.4630777973379119e-05,15,0.4870848708487085,0.031914893617021274,1.612265054281908,7.570309928140195e-07,20,0.018615818681672332,1.0,0.07739989948065003,0.7672951830787859,0.044647344613838166,2.378151680316238,1.3419616672802244,1.4121943241023478,True
