network,location_idx,seed_node,alpha,beta,replicate,run_seed,a_idx,b_idx,extinct,RI,label,admissible,reason,Q,Q_peak_freq,Q_bandwidth,Q_bins_across,Q_n_segments,Q_resolution_limited,Q_undersegmented,Q_ceiling,peak_power_share,f0,harmonic_k,period,samples_per_cycle,n_cycles,freq_rel_uncertainty,freq_rel_tolerance,freq_precision_ok,c,cbar,r,Phi,Psi,g_s,g_w,mean_activity,cv_activity,ri_cat,q_ter,visual_rating
net_D,0,0,0.0056234132519034,0.25,6,76246,6,4,False,0.3236877204802449,ARRHYTHMIC,True,,1.5620281151695286,0.0234375,0.0150045314629028,3.841160054503125,10.0,False,False,2.0,0.3606141724880992,0.0262483184556174,1.0,38.0976785880921,38.0976785880921,39.37247768342619,0.0011626488826932,0.0063496130980153,True,0.4298899173720078,0.4787410986931337,0.064737544096049,1.3678317105518107,0.1618438602401224,0.1618438602401224,0.3236877204802449,398.67333333333335,0.1063679181862009,arrhythmic,Q-low,4.0
net_A,1,1023,0.0056234132519034,0.7,1,6331,6,13,False,0.1929937679268212,ARRHYTHMIC,True,,0.6532030931175601,0.01171875,0.0179404386223427,4.592752287319735,10.0,False,False,1.0,0.5206283000627476,0.0116536852802789,1.0,85.80976540461924,85.80976540461924,17.480527920418407,0.0026187062196233,0.0143016275674365,True,0.7437986742658694,0.7757401012780093,0.0385987535853642,2.216400289365741,0.0964968839634106,0.0964968839634106,0.1929937679268212,742.9693333333333,0.0740633000973074,arrhythmic,Q-low,3.0
net_E,2,6406,0.0074989420933245,1.0,2,111592,7,19,False,0.2933314944057983,ARRHYTHMIC,True,,0.5396987130714399,0.0078125,0.0144756691294275,3.705771297133443,10.0,False,False,0.6666666666666666,0.1244918062796791,0.0078854247834994,1.0,126.81624991116936,126.81624991116936,11.828137175249235,0.0038701248141836,0.0211360416518615,True,0.7419347509560316,0.76835662488778,0.0586662988811596,2.1953046425365144,0.1466657472028991,0.1466657472028991,0.2933314944057983,2640.268,0.0229380533256828,arrhythmic,Q-low,2.0
net_D,1,4317,0.0074989420933245,0.7,6,81536,7,13,False,0.3139753722454916,ARRHYTHMIC,True,,0.6873863966271174,0.0078125,0.0113655144156686,2.9095716904111626,10.0,True,False,0.6666666666666666,0.1179845266677515,0.0088930078101474,1.0,112.4478940476069,112.4478940476069,13.33951171522116,0.0034316373915895,0.0187413156746011,True,0.3577241072818826,0.7127506121100985,0.0627950744490983,2.036430320314567,0.1569876861227458,0.1569876861227458,0.3139753722454916,2266.250666666667,0.0253294738120454,arrhythmic,Q-low,3.0
net_E,2,6406,0.0074989420933245,0.45,2,111482,7,8,False,0.484603301008866,ARRHYTHMIC,True,,2.9391614950742735,0.05859375,0.0199355326674621,5.103496362870304,10.0,False,False,5.0,0.2206693228114787,0.0094413751220555,6.0,105.9167745240783,105.9167745240783,14.162062683083326,0.0032323234412865,0.017652795754013,True,0.2441273118315098,0.4064073633858197,0.0969206602017732,1.1611638953880563,0.242301650504433,0.242301650504433,0.484603301008866,1775.922,0.0310513924131111,arrhythmic,Q-mid,3.0
net_A,0,0,0.0074989420933245,0.65,9,1529,7,12,False,0.4881535492261413,ARRHYTHMIC,True,,2.816329322823169,0.02734375,0.0097090030552924,2.4855047821548792,10.0,True,False,2.3333333333333335,0.121450960656698,0.0096828250420271,3.0,103.27564483088588,103.27564483088588,14.524237563040671,0.0031517225595363,0.0172126074718143,True,0.1090146773615798,0.2495862191400593,0.0976307098452282,0.7131034832573123,0.2440767746130706,0.2440767746130706,0.4881535492261413,2173.8206666666665,0.0271253124817023,arrhythmic,Q-mid,3.0
net_D,3,15808,0.01,0.45,3,91683,8,8,False,0.4739869284646962,ARRHYTHMIC,True,,3.131578202490873,0.078125,0.0249474849256068,6.386556140955349,10.0,False,False,6.666666666666667,0.2349478064180007,0.0128470699447748,6.0,77.83876045656002,77.83876045656002,19.27060491716225,0.0023754504533862,0.01297312674276,True,0.2609970286139838,0.5544121585477112,0.0947973856929392,1.5840347387077465,0.2369934642323481,0.2369934642323481,0.4739869284646962,2670.222,0.0230332666102408,arrhythmic,Q-mid,3.0
net_E,1,4266,0.0177827941003892,0.25,5,107045,10,4,False,0.3749294566479846,ARRHYTHMIC,True,,4.4808512256164645,0.12109375,0.0270247200593767,6.918328335200439,10.0,False,False,10.333333333333334,0.3851376216596781,0.1239758996301144,1.0,8.066083835515835,8.066083835515835,185.96384944517172,0.0002461573436131,0.0013443473059193,True,0.0666611304114261,0.0937323641619961,0.4355621189415673,0.2678067547485604,1.0889052973539182,0.2678067547485604,0.3749294566479846,2592.99,0.024204686190269,arrhythmic,Q-mid,3.0
net_D,1,4317,0.0074989420933245,0.9,1,81571,7,17,False,0.9984763627496508,ARRHYTHMIC,True,,8.036697381858117,0.078125,0.0097210329427555,2.4885844333454195,10.0,True,False,6.666666666666667,0.0996766345231087,0.0253956595066789,3.0,39.37680766813725,39.37680766813725,38.09348926001849,0.0012016848043254,0.0065628012780228,True,0.1217626626143696,0.1768168530880401,0.1996952725499302,0.505191008822972,0.4992381813748254,0.4992381813748254,0.9984763627496508,2535.3786666666665,0.0234606327277568,arrhythmic,Q-high,5.0
net_A,1,1023,0.1,0.05,1,8201,16,0,False,0.806723859411398,ARRHYTHMIC,True,,6.946275980052291,0.12109375,0.0174329022267106,4.462822970037916,10.0,False,False,10.333333333333334,0.1766658827835543,0.0233213078575069,5.0,42.879241855130765,42.879241855130765,34.98196178626036,0.0013085706132547,0.0071465403091884,True,0.1828047394312777,0.1737205404539642,0.1613447718822796,0.4963444012970407,0.403361929705699,0.403361929705699,0.806723859411398,880.8666666666667,0.0442243400132128,arrhythmic,Q-high,5.0
net_E,4,16541,0.3162277660168379,0.05,2,124002,20,0,False,0.8090362676136527,ARRHYTHMIC,True,,14.47931924096749,0.1796875,0.0124099411726205,3.1769449401908716,10.0,False,False,15.333333333333334,0.064174891083009,0.0293693575006229,6.0,34.049093514517274,34.049093514517274,44.054036250934416,0.0010390958714147,0.0056748489190862,True,0.1272421675832786,0.1549387022991725,0.1618072535227305,0.4426820065690645,0.4045181338068263,0.4045181338068263,0.8090362676136527,905.1866666666666,0.0329129295915853,arrhythmic,Q-high,3.0
net_D,0,0,0.5623413251903491,0.4,5,79475,22,7,False,0.3854662552948385,ARRHYTHMIC,True,,16.325602865528833,0.28515625,0.0174668128551688,4.471504090923219,10.0,False,False,24.333333333333332,0.1090188547379455,0.069866570728437,4.0,14.31299675329535,14.31299675329535,104.79985609265565,0.0004367979966215,0.0023854994588825,True,0.0774773876887093,0.0963665638237096,0.3060203764282238,0.2753330394963132,0.7650509410705594,0.2753330394963132,0.3854662552948385,4444.095333333334,0.0131877883875541,arrhythmic,Q-high,2.0
net_A,4,18688,0.0056234132519034,0.45,7,21287,6,8,False,1.704063299752736,WEAKLY_RHYTHMIC,True,,1.1806109301307504,0.01171875,0.009926005003784,2.5410572809687233,10.0,True,False,1.0,0.3838168100252145,0.0075739308580513,1.0,132.03183640592115,132.03183640592115,11.360896287077097,0.0040292918825049,0.0220053060676535,True,0.9939138120883731,0.8447752502177579,0.3582445118343294,2.413643572050737,0.8956112795858235,0.8956112795858235,3.3791010008710316,580.1713333333333,0.0947295348592994,weak,Q-low,4.0
net_E,3,10447,0.0074989420933245,0.55,3,116503,7,10,False,1.4563209819773486,WEAKLY_RHYTHMIC,True,,1.4700521778993274,0.03125,0.0212577488539594,5.441983706613615,10.0,False,False,2.6666666666666665,0.1567132268109728,0.0335751029986913,1.0,29.78397415605771,29.78397415605771,50.36265449803708,0.0009089347581804,0.0049639956926762,True,0.3837717238007558,0.4598301418900521,0.2263515025515343,1.313800405400149,0.5658787563788359,0.5658787563788359,1.839320567560209,1994.6333333333337,0.028336918291132,weak,Q-low,3.0
net_E,1,4266,0.01,0.05,9,106609,8,0,False,1.498507803950321,WEAKLY_RHYTHMIC,True,,1.9809620786383884,0.03515625,0.0177470585525617,4.543246989455819,10.0,False,False,3.0,0.7414401108671388,0.0350547387592194,1.0,28.526813646186355,28.526813646186355,52.58210813882922,0.0008705692641048,0.004754468941031,True,0.322575161041359,0.4985122439975804,0.3222977540811217,1.424320697135944,0.8057443852028042,0.8057443852028042,1.9940489759903215,461.9173333333333,0.1291434755294434,weak,Q-low,6.0
net_A,3,14655,0.0177827941003892,0.15,6,17026,10,2,False,1.4465415351509578,WEAKLY_RHYTHMIC,True,,2.6179735619795155,0.1171875,0.0447626751094428,11.45924482801738,10.0,False,False,10.0,0.5197986818142384,0.1158415472180453,1.0,8.632481385264368,8.632481385264368,173.76232082706804,0.0002634424250874,0.001438746897544,True,0.2001532828191015,0.1868551191346272,0.3613640637957371,0.5338717689560778,0.9034101594893428,0.5338717689560778,1.8068203189786856,1752.9973333333332,0.0358937660242215,weak,Q-low,3.0
net_E,2,6406,0.0074989420933245,0.65,1,111521,7,12,False,1.2888605090462928,WEAKLY_RHYTHMIC,True,,3.2786441502018007,0.0859375,0.0262112922485688,6.71009081563362,10.0,False,False,7.333333333333333,0.2416814494242708,0.0853166459847042,1.0,11.72104210682734,11.72104210682734,127.97496897705636,0.0003576978182015,0.0019535070178045,True,0.1238400801384375,0.3222283413647968,0.2812387759984761,0.9206524038994196,0.7030969399961902,0.7030969399961902,1.4061938799923803,2181.784,0.026685716817436,weak,Q-mid,3.0
net_A,3,14655,0.01,0.45,0,16680,8,8,False,1.447354443896382,WEAKLY_RHYTHMIC,True,,2.9676210715081255,0.109375,0.0368561205640773,9.435166864403811,10.0,False,False,9.333333333333334,0.3032178919933327,0.1068706334080474,1.0,9.35710744954469,9.35710744954469,160.3059501120711,0.0002855562576154,0.0015595179082574,True,0.201803858066737,0.2140852184901326,0.3618956088421005,0.6116720528289503,0.9047390221052511,0.6116720528289503,1.8094780442105023,2663.946,0.022285773886171,weak,Q-mid,3.0
net_E,0,0,0.0177827941003892,0.2,8,102038,10,3,False,1.5147684196945228,WEAKLY_RHYTHMIC,True,,3.053156071254929,0.10546875,0.0345441725016859,8.8433081604316,10.0,False,False,9.0,0.4209839380152576,0.1063815884362126,1.0,9.400122847381706,9.400122847381706,159.57238265431897,0.0002868689833795,0.0015666871412302,True,0.1931070090903415,0.2185049633660703,0.4121743268937486,0.6242998953316297,1.0304358172343715,0.6242998953316297,2.060871634468743,2198.6446666666666,0.0283751909975294,weak,Q-mid,3.0
net_A,4,18688,0.0316227766016837,0.05,8,22408,12,0,False,1.4909621813399625,WEAKLY_RHYTHMIC,True,,3.247658373290399,0.078125,0.0240557937505128,6.158283200131297,10.0,False,False,6.666666666666667,0.5042884979690747,0.0798410842387962,1.0,12.524880010510705,12.524880010510705,119.76162635819432,0.000382229004227,0.0020874800017517,True,0.2251564528537429,0.3301141749549317,0.3928981161487543,0.9431833570140908,0.982245290371886,0.9431833570140908,1.964490580743772,781.1053333333333,0.0631765480936262,weak,Q-mid,5.0
net_E,1,4266,0.01,0.55,2,106702,8,10,False,1.382688657901619,WEAKLY_RHYTHMIC,True,,5.450120378921094,0.12109375,0.0222185459367728,5.6879477598138415,10.0,False,False,10.333333333333334,0.2028143924509499,0.1209713410913331,1.0,8.26642071567184,8.26642071567184,181.45701163699965,0.0002522711400046,0.0013777367859453,True,0.1494848103696396,0.2044205848116095,0.3239856233973522,0.5840588137474557,0.8099640584933805,0.5840588137474557,1.619928116986761,2983.23,0.0212241410031731,weak,Q-high,3.0
net_A,2,4919,0.0133352143216332,0.3,6,11856,9,5,False,1.335682473871041,WEAKLY_RHYTHMIC,True,,11.1331781090662,0.1171875,0.0105259701095206,2.6946483480372763,10.0,True,False,10.0,0.1743786527845162,0.1169418625887441,1.0,8.551257675078725,8.551257675078725,175.41279388311622,0.0002609636741662,0.0014252096125131,True,0.0292695323728133,0.1505304256877122,0.371156002551853,0.4300869305363206,0.9278900063796326,0.4300869305363206,1.5053042568771218,2564.7586666666666,0.0253219046897396,weak,Q-high,3.0
net_D,2,15114,0.0316227766016837,0.05,3,87403,12,0,False,1.4914084452673677,WEAKLY_RHYTHMIC,True,,7.50267975156776,0.08203125,0.0109335934247838,2.798999916744659,10.0,True,False,7.0,0.5059046700973489,0.0844835186059174,1.0,11.836628214606074,11.836628214606074,126.7252779088762,0.0003612252262758,0.001972771369101,True,0.123854088530116,0.3161876436793834,0.393242864807577,0.9033932676553814,0.9831071620189424,0.9033932676553814,1.966214324037885,781.8153333333333,0.0644896240192297,weak,Q-high,4.0
net_E,4,16541,0.4216965034285822,0.2,3,124233,21,3,False,1.2188111547206204,WEAKLY_RHYTHMIC,True,,19.986494759177052,0.28125,0.0140720022889886,3.6024325859811057,10.0,False,False,24.0,0.0686627306433612,0.0557203817768878,5.0,17.946754277530616,17.946754277530616,83.58057266533169,0.0005476914757547,0.0029911257129217,True,0.1886925099916133,0.3069240973201179,0.2560200407476034,0.8769259923431941,0.6400501018690083,0.6400501018690083,1.2801002037380167,2857.14,0.0171589686323736,weak,Q-high,1.0
net_D,3,15808,0.0074989420933245,0.05,7,91407,7,0,False,2.141292919370965,RHYTHMIC,True,,2.4631059141704412,0.0234375,0.0095154251650983,2.4359488422651783,10.0,True,False,2.0,0.5003156523758856,0.0223950981162112,1.0,44.65262866056058,44.65262866056058,33.59264717431685,0.0013626900836352,0.00744210477676,True,0.4612580294743973,0.4773329934382911,0.4565171677483861,1.363808552680832,1.141292919370965,1.141292919370965,2.2825858387419307,310.336,0.1645747438606542,rhythmic,Q-low,5.0
net_A,2,4919,0.01,0.05,4,11604,8,0,False,2.2132446117769025,RHYTHMIC,True,,2.10672599289777,0.03125,0.0148334430321506,3.7973614162305553,10.0,False,False,2.6666666666666665,0.7190815457009031,0.0315558822946982,1.0,31.689812715774167,31.689812715774167,47.333823442047304,0.0009670963353202,0.005281635452629,True,0.458836126198542,0.7091884727841837,0.485297844710761,2.026252779383382,1.2132446117769025,1.2132446117769025,2.836753891136735,462.16066666666666,0.1301115097529704,rhythmic,Q-low,5.0
net_A,3,14655,0.0133352143216332,0.05,2,16802,9,0,False,2.0011581829177274,RHYTHMIC,True,,2.1173394243099426,0.046875,0.0221386327868886,5.667489993443491,10.0,False,False,4.0,0.6601404348389102,0.0471242418458223,1.0,21.220500549838583,21.220500549838583,70.68636276873356,0.0006475982833813,0.0035367500916397,True,0.2870591865332332,0.3695752279267882,0.4004632731670909,1.0559292226479664,1.0011581829177272,1.0011581829177272,2.0023163658354544,579.5686666666667,0.1078165180475459,rhythmic,Q-low,5.0
net_A,3,14655,0.0237137370566165,0.05,6,17206,11,0,False,2.0820335202151865,RHYTHMIC,True,,2.336922257321491,0.05859375,0.0250730420391298,6.418698762017245,10.0,False,False,5.0,0.6013547742915653,0.0589160957689132,1.0,16.973290353833065,16.973290353833065,88.37414365336984,0.0005179837144114,0.0028288817256388,True,0.482344933603121,0.4725008147298544,0.4328134080860746,1.350002327799584,1.0820335202151865,1.0820335202151865,2.164067040430373,732.4693333333333,0.076526958708533,rhythmic,Q-low,4.0
net_D,3,15808,0.01,0.05,7,91607,8,0,False,2.3687893334341825,RHYTHMIC,True,,3.4618741318596267,0.03515625,0.0101552652294481,2.5997478987387215,10.0,True,False,3.0,0.6887735482717914,0.0335122982954202,1.0,29.83979168437573,29.83979168437573,50.26844744313037,0.0009106381739616,0.0049732986140626,True,0.3322646440129375,0.4790762667019638,0.5822998988057857,1.3687893334341823,1.4557497470144642,1.3687893334341823,2.9114994940289285,461.872,0.1470334094712224,rhythmic,Q-mid,5.0
net_D,4,17666,0.0133352143216332,0.05,5,96805,9,0,False,2.026343700689199,RHYTHMIC,True,,4.1853410697410185,0.04296875,0.0102664870757256,2.62822069138577,10.0,True,False,3.6666666666666665,0.6029374782251088,0.0444166448541694,1.0,22.51408235095743,22.51408235095743,66.62496728125413,0.000687075267058,0.0037523470584929,True,0.4925350745780553,0.621309701175529,0.4105374802756796,1.7751705747872255,1.0263437006891991,1.0263437006891991,2.485238804702116,580.32,0.1073493573545342,rhythmic,Q-mid,5.0
net_A,1,1023,0.0177827941003892,0.05,8,7008,10,0,False,2.0428020629725117,RHYTHMIC,True,,3.2779999453426236,0.05859375,0.0178748477660135,4.575961028099458,10.0,False,False,5.0,0.6372823571283024,0.0574948199477392,1.0,17.392871234468856,17.392871234468856,86.24222992160885,0.0005307883067159,0.0028988118724114,True,0.4099270807457787,0.4427534932165814,0.4171208251890047,1.2650099806188042,1.0428020629725117,1.0428020629725117,2.0856041259450233,667.02,0.0911116641966387,rhythmic,Q-mid,5.0
net_D,2,15114,0.0237137370566165,0.05,2,87202,11,0,False,2.076488738333454,RHYTHMIC,True,,3.5537560625997666,0.06640625,0.0186862150440962,4.783671051288639,10.0,False,False,5.666666666666667,0.6822119365369184,0.0633041807928987,1.0,15.796744977579383,15.796744977579383,94.95627118934806,0.0004820783989739,0.0026327908295965,True,0.2037146971272881,0.3767710584167086,0.5240337499632234,1.0764887383334534,1.3100843749080584,1.0764887383334534,2.620168749816117,731.8206666666666,0.0838773419215453,rhythmic,Q-mid,3.0
net_D,0,0,0.01,0.2,7,76637,8,3,False,2.1655528046233337,RHYTHMIC,True,,5.477842750444634,0.0703125,0.0128358010996742,3.285965081516615,10.0,False,False,6.0,0.2746794177459248,0.0726851871038043,1.0,13.757961420280362,13.757961420280362,109.02778065570654,0.0004198596624841,0.0022929935700467,True,0.2506489243735553,0.4260943869554296,0.4662211218493335,1.2174125341583704,1.1655528046233337,1.1655528046233337,2.3311056092466673,1531.634,0.0422497902476072,rhythmic,Q-high,2.0
net_D,3,15808,0.0177827941003892,0.25,8,92048,10,4,False,2.1155387120646334,RHYTHMIC,True,,5.743895621320672,0.109375,0.0190419546612255,4.874740393273733,10.0,False,False,9.333333333333334,0.2442334319518447,0.1109841692091892,1.0,9.010294054777695,9.010294054777695,166.4762538137839,0.0002749723527459,0.0015017156757962,True,0.3776834254100844,0.3904385492226216,0.4767062445647446,1.1155387120646334,1.191765611411861,1.1155387120646334,2.3835312228237227,2594.42,0.0257741781058929,rhythmic,Q-high,4.0
net_A,1,1023,0.0177827941003892,0.1,8,7018,10,1,False,2.0612177236283187,RHYTHMIC,True,,4.9915537008967155,0.07421875,0.0148688673802441,3.806430049342495,10.0,False,False,6.333333333333333,0.3396187587475023,0.073936413869689,1.0,13.52513528398164,13.52513528398164,110.9046208045335,0.0004127543726801,0.0022541892139969,True,0.0745950739770195,0.3714262032699115,0.540617268235669,1.061217723628319,1.3515431705891725,1.061217723628319,2.703086341178345,1244.08,0.0488785426524832,rhythmic,Q-high,3.0
net_D,4,17666,0.0316227766016837,0.05,8,97408,12,0,False,2.0257226537268527,RHYTHMIC,True,,6.675012220448583,0.08203125,0.0122893033437004,3.1460616559873102,10.0,False,False,7.0,0.3957564722101704,0.0823556550777693,1.0,12.142456994066638,12.142456994066638,123.533482616654,0.0003705583799458,0.0020237428323444,True,0.213863769231263,0.3813006534927367,0.4102890614907411,1.0894304385506763,1.025722653726853,1.025722653726853,2.0514453074537053,782.1313333333334,0.0688826548605764,rhythmic,Q-high,4.0
